SMILES,CID (canonical),CDD_mol_ID,f_avg_IC50,f_avg_pIC50,f_curve_IC50,f_max_inhibition_reading,f_min_inhibition_reading,f_hill_slope,f_R2,f_concentration_uM,f_inhibition_list
C=CC(=O)N(c1ccc(C(F)(F)F)cc1)C(C(=O)Nc1ccc(OC)cc1)c1cccnc1,LON-WEI-b8d98729-27,75710033,45.995672816602216,4.33728302397643,"[46.41324518087817, 45.58185728248817]","[69.30644000000001, 62.5]","[-5.6566645, -1.3392858]","[1.1384927288229052, 0.9156133256514679]","[0.9511952580309837, 0.9409793150679981]","[[99.0, 49.5, 24.8, 12.4, 6.19, 3.71, 1.24, 0.772, 99.0, 49.5, 24.8, 12.4, 6.19, 3.71, 1.24, 0.772], [99.0, 49.5, 24.8, 12.4, 6.19, 3.71, 1.24, 0.772, 99.0, 49.5, 24.8, 12.4, 6.19, 3.71, 1.24, 0.772]]","[[71.76586, 55.43531, 35.36645, 23.95475, 3.590753, 8.903099, -3.689129, -1.131333, 66.84702, 45.20413, 35.1697, 23.16773, -3.98426, 7.525824, -7.6242, 5.459911], [62.5, 59.59821, 30.13393, 27.45536, 16.07143, 12.27679, -0.4464286, 8.928572, 62.5, 61.38393, 29.6875, 25.44643, 5.357143, 12.94643, -2.232143, 0.2232143]]"
C=CC(=O)N(c1ccc(C(C)OC)cc1)C(C(=O)Nc1cccc(CC)c1)c1cccnc1,LON-WEI-b8d98729-17,75710022,66.38703474922445,4.177916729166141,"[67.84170505817256, 64.96355566263611]","[53.07427, 54.464285000000004]","[-10.427937, -2.0089284999999997]","[1.0328126651468734, 0.9219707309331562]","[0.8787624625318331, 0.8817361131503778]","[[99.0, 49.5, 24.8, 12.4, 6.19, 3.71, 1.24, 0.772, 99.0, 49.5, 24.8, 12.4, 6.19, 3.71, 1.24, 0.772], [99.0, 49.5, 24.8, 12.4, 6.19, 3.71, 1.24, 0.772, 99.0, 49.5, 24.8, 12.4, 6.19, 3.71, 1.24, 0.772]]","[[65.6665, 48.35219, 28.57845, 20.90507, -0.245942, 2.803738, -13.33005, 0.3443187, 40.48204, 48.35219, 27.29956, 16.18298, 0.04918839, 3.492376, -7.525824, 4.082636], [44.19643, 53.34821, 26.33928, 23.4375, 2.232143, 10.26786, -1.5625, 6.473214, 59.82143, 55.58036, 24.77678, 20.53571, 2.901786, 9.821428, -2.455357, -10.49107]]"
C=CC(=O)N(c1ccc2ncsc2c1)C(C(=O)Nc1cccc(CC)c1)c1cccnc1,LON-WEI-b8d98729-38,75710043,59.02153277403574,4.228989516173539,"[63.28310520732083, 55.04694056311233]","[61.141165, 60.379464999999996]","[-7.32907, -2.45535715]","[1.2408131331539178, 1.0467808033243489]","[0.9528771192551189, 0.9365242915184294]","[[99.0, 49.5, 24.8, 12.4, 6.19, 3.71, 1.24, 0.772, 99.0, 49.5, 24.8, 12.4, 6.19, 3.71, 1.24, 0.772], [99.0, 49.5, 24.8, 12.4, 6.19, 3.71, 1.24, 0.772, 99.0, 49.5, 24.8, 12.4, 6.19, 3.71, 1.24, 0.772]]","[[63.1087, 41.07231, 27.79144, 14.90408, -2.803738, -0.3443187, -7.820954, 2.115101, 59.17363, 45.49926, 26.02066, 15.00246, -4.672897, 2.705361, -6.837186, 4.377767], [58.70536, 53.125, 24.77678, 22.76786, 2.455357, 8.258928, -0.2232143, 8.482142, 62.05357, 57.14286, 24.77678, 20.3125, 2.455357, 11.60714, -4.6875, -0.6696429]]"
Cc1ccncc1NC(=O)Cc1cccc(Cl)c1,TRY-UNI-714a760b-6,75711775,24.566619195442545,4.609654606067284,"[25.427556804143986, 23.734831597958685]","[81.55435, 78.90625]","[-4.869651, -1.1160712]","[1.1629289314113138, 1.023637389876469]","[0.9813624391002685, 0.9561176537782067]","[[99.0, 49.5, 24.8, 12.4, 6.19, 3.71, 1.24, 0.772, 99.0, 49.5, 24.8, 12.4, 6.19, 3.71, 1.24, 0.772], [99.0, 49.5, 24.8, 12.4, 6.19, 3.71, 1.24, 0.772, 99.0, 49.5, 24.8, 12.4, 6.19, 3.71, 1.24, 0.772]]","[[82.88244, 66.74864, 49.92622, 33.4973, 7.722577, 11.8544, -4.968028, 3.590753, 80.22626, 67.24053, 51.00836, 35.1697, 15.19921, 11.46089, -4.771274, 4.27939], [76.78571, 71.42857, 46.20536, 37.27679, 11.83036, 20.75893, 0.4464286, 10.26786, 81.02679, 75.44643, 46.42857, 37.27679, 13.16964, 22.54464, -2.678571, 4.6875]]"
Cc1ccncc1NC(=O)C(C)c1cccc(Cl)c1,TRY-UNI-714a760b-18,75711765,26.179637691562505,4.582036368084879,"[27.226584872393612, 25.17294889806081]","[79.93114, 78.124995]","[-4.3285785, 0.4464284999999999]","[1.142872402480523, 1.0289100359408478]","[0.977956981867235, 0.962149894297224]","[[99.0, 49.5, 24.8, 12.4, 6.19, 3.71, 1.24, 0.772, 99.0, 49.5, 24.8, 12.4, 6.19, 3.71, 1.24, 0.772], [99.0, 49.5, 24.8, 12.4, 6.19, 3.71, 1.24, 0.772, 99.0, 49.5, 24.8, 12.4, 6.19, 3.71, 1.24, 0.772]]","[[79.93114, 67.24053, 49.43433, 32.80865, 11.26414, 11.36252, -2.115101, 3.98426, 79.93114, 67.53566, 41.9577, 34.28431, 9.394982, 14.70733, -6.542056, 3.787506], [75.89285, 65.84821, 44.86607, 37.72321, 14.28571, 17.63393, 2.678571, 10.71429, 80.35714, 77.67857, 43.97321, 36.16071, 12.05357, 17.1875, -1.785714, 1.5625]]"
COc1ccc(C2CC(c3cccs3)=NN2C(=O)CCl)cc1OC,MAT-POS-916a2c5a-1,75710849,1.871182666165792,5.727883814298206,"[1.7522684165981577, 1.9981667973887072]","[99.06542, 100.892855]","[28.676830000000002, 24.776785]","[1.3927433921848287, 1.3986672863070215]","[0.9908684078289101, 0.9808641706453617]","[[99.0, 49.5, 24.8, 12.4, 6.19, 3.71, 1.24, 0.772, 99.0, 49.5, 24.8, 12.4, 6.19, 3.71, 1.24, 0.772], [99.0, 49.5, 24.8, 12.4, 6.19, 3.71, 1.24, 0.772, 99.0, 49.5, 24.8, 12.4, 6.19, 3.71, 1.24, 0.772]]","[[99.40974, 98.42597, 99.01623, 96.36005, 86.52238, 73.53664, 31.62814, 28.77521, 98.7211, 99.01623, 95.96655, 97.04869, 85.53861, 73.33989, 36.54697, 28.57845], [98.66071, 97.09821, 96.65179, 98.66071, 80.35714, 72.54464, 32.14286, 30.13393, 99.10714, 104.6875, 95.53571, 97.54464, 77.45535, 71.875, 28.57143, 19.41964]]"
O=C(CCl)Nc1cccc(N2CCCC2=O)c1,LON-WEI-8f408cad-1,75710004,70.32858305541298,4.1528681324431895,"[71.97276726351663, 68.72195946659569]","[57.50123, 56.25]","[-7.624200500000001, -1.33928595]","[1.2590424065161585, 1.000543583632044]","[0.9431398264417025, 0.9353359723433481]","[[99.0, 49.5, 24.8, 12.4, 6.19, 3.71, 1.24, 0.772, 99.0, 49.5, 24.8, 12.4, 6.19, 3.71, 1.24, 0.772], [99.0, 49.5, 24.8, 12.4, 6.19, 3.71, 1.24, 0.772, 99.0, 49.5, 24.8, 12.4, 6.19, 3.71, 1.24, 0.772]]","[[57.59961, 39.79341, 18.93753, 5.853418, -2.606985, 3.295622, -10.37875, 9.49336, 57.40285, 43.92523, 20.70831, 16.77324, 1.131333, 3.885883, -4.869651, 1.426463], [55.58036, 47.09821, 19.86607, 20.75893, 2.232143, 7.8125, 0.8928571, 7.8125, 56.91964, 49.77679, 19.86607, 18.30357, 4.6875, 11.60714, -3.571429, -3.794643]]"
Cc1ccncc1NC(=O)Cc1cccc(C#N)c1,TRY-UNI-714a760b-20,75711768,61.330272009433386,4.212325109143683,"[63.74566796771585, 59.00639815486847]","[59.517955, 59.933035000000004]","[-1.5248405000000003, 0.3348214999999999]","[1.1203484870450773, 1.026098519992405]","[0.9749295295707496, 0.9531615052549721]","[[99.0, 49.5, 24.8, 12.4, 6.19, 3.71, 1.24, 0.772, 99.0, 49.5, 24.8, 12.4, 6.19, 3.71, 1.24, 0.772], [99.0, 49.5, 24.8, 12.4, 6.19, 3.71, 1.24, 0.772, 99.0, 49.5, 24.8, 12.4, 6.19, 3.71, 1.24, 0.772]]","[[59.56714, 45.59764, 25.33202, 16.0846, -2.705361, 3.295622, 1.918347, 0.5410723, 59.46877, 44.909, 27.69306, 17.56026, 3.689129, 3.295622, -4.968028, 1.328086], [58.48214, 50.0, 22.54464, 21.20536, 3.125, 8.035714, 2.455357, 7.8125, 61.38393, 54.01786, 24.77678, 18.97321, 4.6875, 8.928572, -1.785714, 3.794643]]"
O=C(CCl)N1CCN(S(=O)(=O)c2c(F)cccc2F)CC1,LON-WEI-8f408cad-2,75710007,3.284511244779297,5.483529246952795,"[3.432876019532906, 3.1425586172347453]","[97.39301, 103.34819999999999]","[14.90408, 18.08036]","[1.4301860804071609, 1.2013329601315716]","[0.9896460013327956, 0.9621220827793371]","[[99.0, 49.5, 24.8, 12.4, 6.19, 3.71, 1.24, 0.772, 99.0, 49.5, 24.8, 12.4, 6.19, 3.71, 1.24, 0.772], [99.0, 49.5, 24.8, 12.4, 6.19, 3.71, 1.24, 0.772, 99.0, 49.5, 24.8, 12.4, 6.19, 3.71, 1.24, 0.772]]","[[98.42597, 97.14707, 96.65519, 88.39154, 68.2243, 53.76291, 10.96901, 16.28136, 96.36005, 97.24545, 95.27792, 88.9818, 68.81456, 51.50024, 18.83915, 17.56026], [99.33035, 103.125, 94.19643, 90.625, 62.72321, 53.34821, 39.28571, 20.75893, 100.4464, 103.5714, 93.08035, 87.5, 62.27679, 53.79464, 14.50893, 15.40179]]"
COc1ccccc1OCCNC(=O)c1cc(=O)[nH]c2ccccc12,MAT-POS-916a2c5a-2,75710850,7.49624859198131,5.125156019727592,"[7.02321872433028, 7.520250412452999, 3.758603576143273, 3.7016064517796723, 11.890921174047449, 9.992723964641844, 9.475577547156917, 12.052065934504629]","[93.703885, 93.749995, 97.62414, 96.626945, 89.99138500000001, 85.69543999999999, 92.071215, 89.38442]","[10.67388, 10.379463999999999, 19.25985, 17.645654999999998, -4.13867325, -3.5292355000000004, -9.4050625, -17.15509]","[1.027777726870035, 1.0723108526406135, 1.0544900998686926, 1.013636318773843, 1.0084042040862977, 0.9745385737665717, 1.0749685553003117, 1.158195051572476]","[0.9954938861894524, 0.9877764258010945, 0.9964917903034433, 0.9965042956324615, 0.9808501614119384, 0.9893426086065665, 0.9821119837183014, 0.9126832291648725]","[[99.0, 49.5, 24.8, 12.4, 6.19, 3.71, 1.24, 0.772, 99.0, 49.5, 24.8, 12.4, 6.19, 3.71, 1.24, 0.772], [99.0, 49.5, 24.8, 12.4, 6.19, 3.71, 1.24, 0.772, 99.0, 49.5, 24.8, 12.4, 6.19, 3.71, 1.24, 0.772], [99.0, 49.5, 24.8, 12.4, 7.43, 2.48, 1.55, 0.773, 99.0, 49.5, 24.8, 12.4, 7.43, 2.48, 1.55, 0.773], [99.0, 49.5, 24.8, 12.4, 7.43, 2.48, 1.55, 0.773, 99.0, 49.5, 24.8, 12.4, 7.43, 2.48, 1.55, 0.773], [99.5, 7.46, 49.8, 2.49, 24.9, 1.55, 12.4, 0.776, 7.46, 0.388, 2.49, 0.194, 1.55, 0.1, 0.776, 0.05, 0.388, 0.194, 0.1, 0.05, 99.5, 49.8, 24.9, 12.4], [99.5, 7.46, 49.8, 2.49, 24.9, 1.55, 12.4, 0.776, 7.46, 0.388, 2.49, 0.194, 1.55, 0.1, 0.776, 0.05, 0.388, 0.194, 0.1, 0.05, 99.5, 49.8, 24.9, 12.4], [99.03, 7.428, 49.52, 2.476, 24.76, 1.545, 12.38, 0.772, 7.428, 0.396, 2.476, 0.02, 1.545, 0.099, 0.772, 0.02, 0.396, 0.02, 0.099, 0.02, 99.03, 49.52, 24.76, 12.38], [99.0, 7.43, 49.5, 2.48, 24.8, 1.55, 12.4, 0.773, 7.43, 0.396, 2.48, 0.02, 1.55, 0.099, 0.773, 0.02, 0.396, 0.02, 0.099, 0.02, 99.0, 49.5, 24.8, 12.4]]","[[94.4909, 87.80128, 77.66846, 63.60059, 44.71225, 35.46483, 10.77226, 12.34629, 92.91687, 87.01426, 78.06197, 67.73241, 46.87654, 35.85834, 10.5755, 11.65765], [93.08035, 92.41071, 72.99107, 64.73214, 40.40179, 36.16071, 12.5, 14.0625, 94.41964, 93.30357, 77.67857, 64.73214, 40.625, 34.15179, 8.258928, 9.151786], [97.80023, 95.05821, 88.6322, 79.33001, 67.32492, 38.85931, 29.06796, 19.4611, 97.44805, 95.41599, 87.73217, 77.64734, 66.15936, 36.50581, 25.26379, 19.0586], [96.88496, 94.19909, 88.21568, 78.6251, 67.62489, 43.54272, 29.94727, 19.78025, 96.36893, 93.75102, 85.88977, 76.14565, 65.29144, 38.57375, 25.9298, 15.51106], [93.40654, 38.22997, 82.59689, 12.58829, 68.3075, 7.82515, 53.97502, 10.71921, 38.79845, 0.5555555, 21.77003, 6.826012, 17.04996, 6.843238, 4.000861, 2.140396, -8.832902, 10.54694, 0.3402239, 0.03014642, 86.57623, 80.88286, 67.49785, 45.5857], [87.15417, 45.13506, 84.81042, 21.71105, 73.69794, 14.7559, 59.83115, 10.53061, 40.53183, 0.6226463, 23.53277, 6.495643, 10.014, -1.62595, 4.973014, -2.281224, -2.226844, -0.2283943, -5.432521, -1.381242, 84.23671, 80.99569, 69.20075, 53.5639], [92.72181, 46.38026, 86.24166, 24.41115, 73.27767, 11.65727, 60.0188, 10.61042, 41.8095, 4.837996, 19.16215, 8.321353, 8.122305, -4.952265, 2.847506, 0.4920933, -2.707435, 0.6211066, -13.85786, -8.450367, 91.42062, 83.91205, 71.12131, 56.08942], [88.35567, 34.37135, 84.27404, 13.42935, 72.20708, 16.16527, 64.39971, 13.1958, 21.55925, -8.61369, 30.62337, -0.05004727, -13.47384, -5.077017, 17.9336, -3.99822, -25.69649, -11.87232, -7.913029, 4.220653, 90.41317, 85.78658, 59.65078, 55.44681]]"
O=C(CCl)N1CCN(S(=O)(=O)c2cccs2)CC1,LON-WEI-8f408cad-3,75710008,2.1618290615718085,5.665178649212986,"[2.071591539603368, 2.2559972861982467]","[99.409745, 104.46424999999999]","[23.85637, 22.54464]","[1.3607190223130199, 1.3675146276119565]","[0.9935049385784123, 0.9840504168924581]","[[99.0, 49.5, 24.8, 12.4, 6.19, 3.71, 1.24, 0.772, 99.0, 49.5, 24.8, 12.4, 6.19, 3.71, 1.24, 0.772], [99.0, 49.5, 24.8, 12.4, 6.19, 3.71, 1.24, 0.772, 99.0, 49.5, 24.8, 12.4, 6.19, 3.71, 1.24, 0.772]]","[[100.4919, 97.14707, 97.04869, 95.67142, 82.1938, 66.25676, 31.82489, 24.84014, 98.32759, 97.14707, 99.21298, 95.67142, 82.88244, 65.6665, 31.52976, 22.8726], [100.4464, 103.7946, 97.54464, 96.65179, 77.00893, 64.95535, 30.35714, 27.23214, 100.4464, 105.1339, 96.65179, 94.86607, 75.44643, 67.41071, 26.78571, 17.85714]]"
N#Cc1cccc(NC(=O)Cc2cncc3ccccc23)c1,DAR-DIA-23aa0b97-19,75708852,26.68012917803707,4.573812072012878,"[28.169747472399052, 25.269282007380458]","[77.520905, 79.352675]","[-0.5902604999999999, 2.566964]","[1.0815871336141434, 1.0374295245771263]","[0.9893602593326579, 0.9840925064731559]","[[99.0, 49.5, 24.8, 12.4, 6.19, 3.71, 1.24, 0.772, 99.0, 49.5, 24.8, 12.4, 6.19, 3.71, 1.24, 0.772], [99.0, 49.5, 24.8, 12.4, 6.19, 3.71, 1.24, 0.772, 99.0, 49.5, 24.8, 12.4, 6.19, 3.71, 1.24, 0.772]]","[[78.45548, 63.89572, 46.28627, 32.12002, 15.10084, 6.640433, 5.361535, -4.57452, 76.58633, 64.48598, 49.1392, 33.79242, 13.52681, 7.32907, 0.6394491, 3.393999], [78.79464, 68.97321, 46.20536, 33.92857, 14.50893, 15.17857, 3.348214, 9.151786, 79.91071, 72.09821, 45.3125, 33.92857, 16.96428, 17.1875, 1.785714, -1.339286]]"
Cc1cc(C)c(C)c(S(=O)(=O)N2CCN(C(=O)c3cc(=O)[nH]c4ccccc34)CC2)c1C,MAT-POS-916a2c5a-3,75710851,8.46159387152077,5.072547823201157,"[8.189972186456568, 8.74222393147532]","[90.80177, 93.638395]","[7.7717659999999995, 11.383931]","[1.053003059100974, 1.045525363342615]","[0.9959291375499452, 0.979173612108147]","[[99.0, 49.5, 24.8, 12.4, 6.19, 3.71, 1.24, 0.772, 99.0, 49.5, 24.8, 12.4, 6.19, 3.71, 1.24, 0.772], [99.0, 49.5, 24.8, 12.4, 6.19, 3.71, 1.24, 0.772, 99.0, 49.5, 24.8, 12.4, 6.19, 3.71, 1.24, 0.772]]","[[92.72012, 86.22725, 76.88145, 62.7152, 42.25283, 26.80767, 15.29759, 7.132317, 88.88342, 85.34186, 77.76685, 62.7152, 43.53173, 28.67683, 10.67388, 8.411215], [93.75, 90.625, 73.21429, 61.83036, 38.83929, 31.69643, 13.83929, 13.83929, 93.52679, 91.51785, 70.98214, 61.16071, 28.34821, 32.14286, 12.5, 8.928572]]"
O=C(CCl)N1CCN(S(=O)(=O)c2cccc(F)c2)CC1,LON-WEI-8f408cad-4,75710009,4.550488738168371,5.341941956114166,"[4.097410103873803, 5.053667373109727]","[99.85243, 103.45985]","[13.280865, 13.72768]","[1.3230822523249035, 1.2599116140116036]","[0.9918785586018217, 0.960950942524134]","[[99.0, 49.5, 24.8, 12.4, 6.19, 3.71, 1.24, 0.772, 99.0, 49.5, 24.8, 12.4, 6.19, 3.71, 1.24, 0.772], [99.0, 49.5, 24.8, 12.4, 6.19, 3.71, 1.24, 0.772, 99.0, 49.5, 24.8, 12.4, 6.19, 3.71, 1.24, 0.772]]","[[100.3935, 95.47466, 93.80226, 84.65322, 59.27201, 46.28627, 21.29857, 13.33005, 99.31136, 97.34383, 96.36005, 84.55484, 60.55091, 42.25283, 16.97, 13.23168], [101.3393, 102.6786, 93.30357, 82.58929, 56.69643, 43.08036, 18.30357, 16.74107, 102.9018, 104.2411, 92.63393, 61.83036, 43.52679, 41.51786, 14.73214, 10.71429]]"
O=C(CCl)N1CCN(Cc2cccs2)CC1,LON-WEI-8f408cad-5,75710010,6.192109178270552,5.208161394847381,"[5.6596252317969125, 6.774691698702616]","[97.83571, 99.888385]","[8.6571565, 9.4866065]","[1.2304193999413175, 1.3246799908035651]","[0.9950059723038251, 0.9877925532695345]","[[99.0, 49.5, 24.8, 12.4, 6.19, 3.71, 1.24, 0.772, 99.0, 49.5, 24.8, 12.4, 6.19, 3.71, 1.24, 0.772], [99.0, 49.5, 24.8, 12.4, 6.19, 3.71, 1.24, 0.772, 99.0, 49.5, 24.8, 12.4, 6.19, 3.71, 1.24, 0.772]]","[[99.21298, 93.11362, 86.71913, 69.69995, 50.81161, 35.56321, 19.52779, 7.722577, 96.45844, 94.39252, 88.68667, 74.42204, 52.18888, 38.61289, 9.690113, 9.591736], [99.55357, 98.66071, 85.49107, 72.09821, 44.41964, 34.82143, 10.9375, 12.05357, 100.2232, 98.4375, 82.36607, 68.52679, 38.39286, 31.69643, 11.60714, 6.919643]]"
O=C(CCl)N1CCN(Cc2ccsc2)CC1,LON-WEI-8f408cad-7,75710011,3.4977200295553352,5.456214956002375,"[3.2675545056325523, 3.7440983414549778]","[99.06542, 102.45535000000001]","[14.36301, 14.397325]","[1.2881782672549924, 1.300140133581853]","[0.9963570733184568, 0.9904198568596208]","[[99.0, 49.5, 24.8, 12.4, 6.19, 3.71, 1.24, 0.772, 99.0, 49.5, 24.8, 12.4, 6.19, 3.71, 1.24, 0.772], [99.0, 49.5, 24.8, 12.4, 6.19, 3.71, 1.24, 0.772, 99.0, 49.5, 24.8, 12.4, 6.19, 3.71, 1.24, 0.772]]","[[99.80325, 98.91785, 95.37629, 86.91589, 69.60157, 51.99213, 24.44663, 16.57649, 98.32759, 96.85194, 95.27792, 86.71913, 65.96163, 52.58239, 23.36448, 12.14953], [97.99107, 101.7857, 92.1875, 86.38393, 63.83929, 47.76786, 21.875, 14.95536, 102.6786, 103.125, 93.75, 84.15179, 62.27679, 46.20536, 20.75893, 13.83929]]"
Cc1ccncc1NC(=O)C(C)c1cccc(C#N)c1,TRY-UNI-714a760b-22,75711770,54.942103699589914,4.260094715726666,"[55.23017895711318, 54.65553101467397]","[63.944905000000006, 62.276785000000004]","[-0.59026065, 2.566964]","[1.0562006150643168, 0.8971933162155533]","[0.9939685687001809, 0.948704532169633]","[[99.0, 49.5, 24.8, 12.4, 6.19, 3.71, 1.24, 0.772, 99.0, 49.5, 24.8, 12.4, 6.19, 3.71, 1.24, 0.772], [99.0, 49.5, 24.8, 12.4, 6.19, 3.71, 1.24, 0.772, 99.0, 49.5, 24.8, 12.4, 6.19, 3.71, 1.24, 0.772]]","[[63.50221, 49.92622, 31.52976, 15.98623, 8.312838, 7.03394, -2.606985, -0.3443187, 64.3876, 45.69601, 29.75898, 18.54402, 7.6242, 5.459911, 2.213478, -0.8362026], [58.25893, 50.22321, 28.79464, 15.17857, 8.705357, 7.366071, 4.241071, 4.017857, 66.29464, 54.24107, 29.6875, 17.1875, 23.4375, 16.29464, 1.5625, 1.116071]]"
O=C(Cc1cncc2ccccc12)Nc1ccccc1,DAR-DIA-23aa0b97-20,75708854,57.46966968667319,4.24056129901503,"[61.317775978074465, 53.86305816238838]","[61.19036, 63.504459999999995]","[-1.86915885, -26.227678]","[1.1054212367637406, 1.1573037197165452]","[0.9865462759438266, 0.7500287729985904]","[[99.0, 49.5, 24.8, 12.4, 6.19, 3.71, 1.24, 0.772, 99.0, 49.5, 24.8, 12.4, 6.19, 3.71, 1.24, 0.772], [99.0, 49.5, 24.8, 12.4, 6.19, 3.71, 1.24, 0.772, 99.0, 49.5, 24.8, 12.4, 6.19, 3.71, 1.24, 0.772]]","[[61.82981, 43.82685, 27.29956, 16.67486, 6.050172, 3.393999, -3.393999, -1.918347, 60.55091, 47.76193, 26.02066, 16.37973, 8.411215, -1.918347, -0.3443187, 1.328086], [62.72321, 50.89286, 28.125, 18.75, 6.919643, 7.142857, 2.455357, 3.348214, 64.28571, 51.78571, 28.57143, 11.60714, 8.928572, 8.258928, 0.4464286, -55.80357]]"
Cc1ccncc1NC(=O)Nc1cccc(Cl)c1,TRY-UNI-714a760b-12,75711759,64.41361051443023,4.191022357069093,"[68.01219650854974, 61.00542891572592]","[60.157399999999996, 61.941964999999996]","[2.1642894999999998, 1.3392858]","[0.989723734379618, 1.04656072542507]","[0.9857511057375831, 0.9879620817178292]","[[99.0, 49.5, 24.8, 12.4, 6.19, 3.71, 1.24, 0.772, 99.0, 49.5, 24.8, 12.4, 6.19, 3.71, 1.24, 0.772], [99.0, 49.5, 24.8, 12.4, 6.19, 3.71, 1.24, 0.772, 99.0, 49.5, 24.8, 12.4, 6.19, 3.71, 1.24, 0.772]]","[[58.78012, 38.02262, 25.8239, 16.87162, 10.08362, 2.606985, 6.935563, 3.098869, 61.53468, 44.22036, 26.80767, 16.87162, 8.804722, 1.721594, 2.606985, 3.000492], [62.5, 44.19643, 25.44643, 19.19643, 7.8125, 5.803571, 2.232143, 6.696428, 61.38393, 48.21429, 25.66964, 16.29464, 7.142857, 4.910714, 0.4464286, -2.232143]]"
C=CC(=O)N(c1cc(C(C)(C)C)on1)C(C(=O)NC(C)(C)C)c1cccnc1,LON-WEI-b8d98729-23,75710029,98.99999999999999,,"[nan, nan]","[12.947030000000002, 26.22768]","[-18.243544999999997, -0.3348214999999999]","[1.65225823880666, 0.814100137684563]","[0.03413058111140033, 0.894845421660913]","[[99.0, 49.5, 24.8, 12.4, 6.19, 3.71, 1.24, 0.772, 99.0, 49.5, 24.8, 12.4, 6.19, 3.71, 1.24, 0.772], [99.0, 49.5, 24.8, 12.4, 6.19, 3.71, 1.24, 0.772, 99.0, 49.5, 24.8, 12.4, 6.19, 3.71, 1.24, 0.772]]","[[12.81123, 15.70846, -7.016749, 1.041195, -15.799, -0.769579, -15.52739, -1.493889, 3.395201, 10.1856, -11.36261, 1.765505, -20.68809, -2.580353, -18.33409, -2.670892], [25.89286, 19.41964, 12.72321, 8.035714, 2.232143, 3.125, 4.910714, 5.133928, 26.5625, 21.875, 9.151786, 6.696428, -0.8928571, 3.125, -4.017857, -5.803571]]"
C=CC(=O)N(c1ccc(C(F)(F)F)cc1)C(C(=O)Nc1c(C)cccc1CC)c1cccnc1,LON-WEI-b8d98729-39,75710044,97.78883490712117,4.009710728188184,[97.78883490712118],[46.17474],[-16.93074],[1.358785554085554],[0.8132946948013899],"[[99.0, 49.5, 24.8, 12.4, 6.19, 3.71, 1.24, 0.772, 99.0, 49.5, 24.8, 12.4, 6.19, 3.71, 1.24, 0.772]]","[[49.56994, 38.7053, 12.53961, 11.27207, -8.465368, 1.131734, -18.42463, -2.218198, 42.77954, 32.91082, 8.918062, 8.736985, -15.34631, 1.40335, -15.43685, -3.757356]]"
C=CC(=O)N(c1cc(C(C)(C)C)on1)C(C(=O)Nc1cccc(CC)c1)c1cccnc1,LON-WEI-b8d98729-15,75710020,99.00999999999999,,[99],[31.408435],[-11.450474],[0.9880623841592083],[0.6847793560620317],"[[99.01, 49.5, 24.75, 12.38, 6.188, 3.713, 1.238, 0.772, 99.01, 49.5, 24.75, 12.38, 6.188, 3.713, 1.238, 0.772]]","[[28.77458, 26.77136, 3.252133, 14.18326, -9.385433, 8.866081, -9.731668, 6.640287, 34.04229, 34.66056, 5.30481, 15.34562, -4.711265, 5.403734, -13.16928, -1.545691]]"
Cc1ccncc1NC(=O)Nc1cccc(C#N)c1,TRY-UNI-714a760b-24,75711772,99.00999999999999,,[99],[29.380485],[-14.4305685],[0.9084761901133455],[0.590879935072415],"[[99.01, 49.5, 24.75, 12.38, 6.188, 3.713, 1.238, 0.772, 99.01, 49.5, 24.75, 12.38, 6.188, 3.713, 1.238, 0.772]]","[[21.94881, 25.36169, 3.301595, 8.965005, -4.538147, 9.632744, -7.110177, 10.02844, 31.64338, 33.39928, 6.862866, 17.0026, -5.255348, 2.559664, -21.75096, -2.089774]]"
N#Cc1cc(Cl)cc(NC(=O)Nc2cccnc2)c1,WAR-XCH-eb7b662f-2,75712089,99.00999999999999,,[99],[37.82614],[-14.838629],[1.0537926850550778],[0.7316094759097787],"[[99.01, 49.5, 24.75, 12.38, 6.188, 3.713, 1.238, 0.772, 99.01, 49.5, 24.75, 12.38, 6.188, 3.713, 1.238, 0.772]]","[[34.48745, 27.38964, 8.767157, 10.25102, -4.389761, 10.10263, -5.008038, 8.049956, 41.16483, 32.8552, 9.805861, 17.81872, -5.131693, 2.262891, -24.66922, -4.538147]]"
O=C(CCl)NC(CO)c1cccc(Cl)c1,DAV-CRI-3edb475e-4,75709026,99.03000000000002,,[99],[43.57611],[-24.026214],[1.141585400855079],[0.6707772922451871],"[[99.03, 49.52, 24.76, 12.38, 7.428, 2.476, 1.545, 0.772, 99.03, 49.52, 24.76, 12.38, 7.428, 2.476, 1.545, 0.772]]","[[40.39817, 36.02077, 10.44887, 16.26066, -5.972548, 7.110177, -9.484358, 10.49833, 46.75405, 40.91752, 13.07036, 18.46173, -5.379003, 1.891925, -38.56807, -3.42525]]"
O=C(CCl)N1CCN(C(c2ccccc2)c2ccccc2)CC1,SIM-SYN-f15aaa3a-1,75711626,1.9753874756434002,5.704347704073642,[1.9753874756434002],[100.7543],[27.278350000000003],[1.4405459620965773],[0.9597506602806802],"[[99.03, 49.52, 24.76, 12.38, 7.428, 2.476, 1.545, 0.772, 99.03, 49.52, 24.76, 12.38, 7.428, 2.476, 1.545, 0.772]]","[[98.14517, 101.0882, 97.52689, 96.7355, 87.38716, 63.74428, 36.71324, 33.94337, 98.31828, 100.4204, 96.80969, 95.79572, 84.04847, 63.07654, 25.6832, 20.61333]]"
Cc1ccc(C)c(S(=O)(=O)N2CCN(C(=O)CCl)CC2)c1,WAR-XCH-79d12f6e-6,75711895,14.216485452019148,4.847207755044236,[14.21648545201915],[91.04736],[-6.39297565],[1.3341520534007103],[0.9513989705936671],"[[99.03, 49.52, 24.76, 12.38, 7.428, 2.476, 1.545, 0.772, 99.03, 49.52, 24.76, 12.38, 7.428, 2.476, 1.545, 0.772]]","[[92.20972, 87.51082, 65.82169, 49.74651, 24.79288, 18.65958, -0.3833313, 15.84024, 89.885, 86.02695, 63.47224, 51.10671, 23.48213, 19.03054, -12.40262, -6.195128]]"
O=C(CCl)N1CCN(Cc2cccc3ccccc23)CC1,MED-COV-4280ac29-31,75710880,5.761792656917278,5.239442374236254,[5.761792656917278],[96.72313500000001],[10.955853],[1.2214702307713443],[0.9760137871513775],"[[99.03, 49.52, 24.76, 12.38, 7.428, 2.476, 1.545, 0.772, 99.03, 49.52, 24.76, 12.38, 7.428, 2.476, 1.545, 0.772]]","[[96.26561, 96.68604, 85.77965, 74.15605, 54.37121, 33.32509, 14.35637, 17.99184, 95.59787, 96.76023, 86.17534, 75.49153, 48.11426, 32.43477, 7.555336, 4.513416]]"
O=C(CCl)N1CCN(Cc2cccc(Cl)c2)CC1,MED-COV-4280ac29-15,75710863,3.1374139819460565,5.503428172340635,"[3.972943422328925, 2.477600470922505]","[99.02312, 97.29974]","[10.040807999999998, 20.846249999999998]","[1.3285298955744376, 1.4018573304602788]","[0.9838921640204821, 0.9888673574899562]","[[99.03, 49.52, 24.76, 12.38, 7.428, 2.476, 1.545, 0.772, 99.03, 49.52, 24.76, 12.38, 7.428, 2.476, 1.545, 0.772], [99.0, 49.5, 24.8, 12.4, 7.43, 2.48, 1.55, 0.773, 99.0, 49.5, 24.8, 12.4, 7.43, 2.48, 1.55, 0.773]]","[[97.97205, 98.8129, 92.3581, 84.12267, 67.15717, 42.92073, 21.67677, 16.75529, 98.02151, 99.23334, 91.56671, 83.10869, 63.67009, 38.37022, 14.08433, 3.326326], [96.02067, 96.13695, 94.54134, 92.1124, 82.31266, 51.48579, 30.80749, 23.61111, 95.99483, 98.46253, 95.87855, 93.72092, 83.21059, 51.10465, 27.45478, 18.08139]]"
Cn1nncc1CC(=O)NC(c1ccccc1)c1nc2ccccc2n1C,BAR-COM-4e090d3a-6,75708424,35.688684862569644,4.447469455615437,[35.688684862569644],[80.95709500000001],[-4.00643],[1.4049575255488012],[0.9549701146617816],"[[99.03, 49.52, 24.76, 12.38, 7.428, 2.476, 1.545, 0.772, 99.03, 49.52, 24.76, 12.38, 7.428, 2.476, 1.545, 0.772]]","[[77.34636, 56.74539, 31.94015, 17.99184, 2.757512, 12.18004, 1.669346, 6.813404, 84.56783, 69.38296, 35.25411, 27.66168, 9.286509, 9.533819, -9.682206, -2.806974]]"
N#Cc1cccc(NC(=O)Nc2c[nH]c3ncccc23)c1,DAR-DIA-23aa0b97-11,75708844,63.55492520404373,4.1968507880516635,[63.554925204043705],[59.787310000000005],[-4.0929875000000004],[1.02447223384785],[0.9166699422345314],"[[99.03, 49.52, 24.76, 12.38, 7.428, 2.476, 1.545, 0.772, 99.03, 49.52, 24.76, 12.38, 7.428, 2.476, 1.545, 0.772]]","[[58.60022, 42.20354, 23.21009, 14.60368, 3.870409, 7.975763, 4.933845, 10.42414, 60.9744, 51.2551, 24.99072, 24.8918, 8.965005, 8.618771, -13.11982, -3.548906]]"
O=C(c1cc(=O)[nH]c2ccccc12)N1CCN(c2ccccc2)CC1,MAT-POS-916a2c5a-4,75710852,27.524895063401082,4.560274328068208,[27.524895063401086],[77.02485],[1.3602075],[1.0010733512376546],[0.9688062640345234],"[[99.03, 49.52, 24.76, 12.38, 7.428, 2.476, 1.545, 0.772, 99.03, 49.52, 24.76, 12.38, 7.428, 2.476, 1.545, 0.772]]","[[75.83776, 64.8819, 46.48201, 30.80252, 16.87894, 9.434896, 7.876839, 13.56498, 78.21194, 67.25609, 44.89922, 36.56486, 20.83591, 11.85854, -5.156424, -3.820947]]"
C=CC(=O)N(c1ccc(C2(C)CC2)cc1)C(C(=O)Nc1cccc(CC)c1)c1cccnc1,LON-WEI-d1c9908a-6,76326246,99.03000000000002,,[99],[36.911095],[-1.1870915000000002],[0.706679061962014],[0.7771663983349386],"[[99.03, 49.52, 24.76, 12.38, 7.428, 2.476, 1.545, 0.772, 99.03, 49.52, 24.76, 12.38, 7.428, 2.476, 1.545, 0.772]]","[[34.46272, 34.6111, 14.87573, 20.2671, 8.049956, 2.163967, 7.827377, 16.03809, 39.35947, 37.33152, 13.3424, 16.58217, 6.368245, 7.110177, -10.20156, -5.675776]]"
CCC(C)(C)CCN(Cc1ccsc1)C(=O)Cn1nnc2ccccc21,RUT-UNI-630c5802-20,75711366,78.4579695851566,4.1053629351737575,[78.45796958515659],[47.681465],[-10.8074665],[0.8377313307969945],[0.7570844628208449],"[[99.03, 49.52, 24.76, 12.38, 7.428, 2.476, 1.545, 0.772, 99.03, 49.52, 24.76, 12.38, 7.428, 2.476, 1.545, 0.772]]","[[44.42933, 43.88525, 28.08211, 26.0047, 13.88648, -28.25522, 8.470385, 14.23272, 50.9336, 50.2164, 28.65092, 22.023, 9.558551, 6.640287, -6.763942, -6.071473]]"
N#Cc1cccc(NC(=O)Nc2cncc(N)c2)c1,DAR-DIA-23aa0b97-8,75708859,54.27296398498777,4.265416459843516,[54.272963984987776],[63.23729],[1.3849385],[0.9450030604115591],[0.9369452093357596],"[[99.03, 49.52, 24.76, 12.38, 7.428, 2.476, 1.545, 0.772, 99.03, 49.52, 24.76, 12.38, 7.428, 2.476, 1.545, 0.772]]","[[60.13354, 46.33362, 26.42513, 22.7402, 13.31767, 11.36392, 7.975763, 12.35316, 66.34104, 54.27229, 31.14876, 20.95956, 11.01768, 5.329541, -5.205886, -9.583282]]"
C=CC(=O)N(c1ccc(C2(C)CC2)cc1)C(C(=O)Nc1ccc(Br)cc1)c1cccnc1,LON-WEI-d1c9908a-11,76326239,83.65200055298044,4.07752366834497,[83.65200055298045],[55.79325],[-1.6940749999999998],[0.9380135598975428],[0.78678070849299],"[[99.03, 49.52, 24.76, 12.38, 7.428, 2.476, 1.545, 0.772, 99.03, 49.52, 24.76, 12.38, 7.428, 2.476, 1.545, 0.772]]","[[53.13466, 37.43044, 1.125263, 16.75529, 11.33919, 12.3037, 10.81983, 13.78756, 58.45184, 44.4046, 24.8918, 18.90689, 12.3037, 7.65426, -0.4080623, -17.17571]]"
C=CC(=O)N(c1ccc(C(C)(C)C)cc1)C(C(=O)Nc1ccc(OC)cc1C)c1cccnc1,LON-WEI-d1c9908a-3,76326243,99.03000000000002,,[99],[45.999755],[-11.042414999999998],[1.514992402214501],[0.45191775123321576],"[[99.03, 49.52, 24.76, 12.38, 7.428, 2.476, 1.545, 0.772, 99.03, 49.52, 24.76, 12.38, 7.428, 2.476, 1.545, 0.772]]","[[42.05515, 32.5337, -43.06912, 8.59404, 10.62199, 15.02411, 8.816619, 8.544578, 49.94436, 42.20354, 20.98429, 17.47249, 10.39941, 2.658588, -3.771485, -16.06282]]"
C=CC(=O)N(c1ccc(C(C)(C)C)cc1)C(C(=O)Nc1ccc(OC)cc1OC)c1cccnc1,LON-WEI-adc59df6-45,76303059,6.4744077705757315,5.188799951375523,[6.4744077705757315],[78.08638],[34.8802],[0.3581734679080701],[0.47401403909529183],"[[99.0, 49.5, 24.8, 12.4, 7.43, 2.48, 1.55, 0.773, 99.0, 49.5, 24.8, 12.4, 7.43, 2.48, 1.55, 0.773]]","[[93.39533, 81.49747, 69.88335, 65.99306, 55.51387, 56.0309, 58.5971, 50.41299, 62.77743, 59.4546, 45.50126, 41.18853, 33.07377, 30.45082, 19.89597, 19.34741]]"
C=CC(=O)N(c1ccc(C(C)(C)C)cc1)C(C(=O)NCCc1cccc(F)c1)c1cccnc1,LON-WEI-adc59df6-47,76303061,2.958399096010086,5.528943238891058,[2.9583990960100857],[95.63367],[36.229510000000005],[0.6365872711780847],[0.8515525156701189],"[[99.0, 49.5, 24.8, 12.4, 7.43, 2.48, 1.55, 0.773, 99.0, 49.5, 24.8, 12.4, 7.43, 2.48, 1.55, 0.773]]","[[99.87074, 93.42686, 85.0536, 75.84174, 64.51135, 54.68789, 48.58449, 49.27806, 91.3966, 86.82535, 74.13934, 65.06621, 49.99054, 39.47352, 26.6425, 23.18096]]"
C=CC(=O)N(c1ccc(C(C)(C)C)cc1)C(C(=O)NC(C)(C)C)c1cncc(Cl)c1,LON-WEI-adc59df6-53,76303068,65.5840093517116,4.183202037100938,[65.58400935171161],[57.418035],[-3.603407],[0.9712370108759268],[0.5812330134150372],"[[99.0, 49.5, 24.8, 12.4, 7.43, 2.48, 1.55, 0.773, 99.0, 49.5, 24.8, 12.4, 7.43, 2.48, 1.55, 0.773]]","[[83.42686, 67.46848, 45.14817, 37.21627, 22.36759, 18.87453, 8.653846, 7.361286, 31.40921, 24.70681, 7.859395, 3.307062, -5.003152, -6.327239, -15.86066, -14.22762]]"
O=C(CCl)N1CC2CC1CN2Cc1cccc(Cl)c1,DAN-LON-a5fc619e-8,75708796,2.1668874893559043,5.664163637835885,[2.1668874893559043],[90.19231500000001],[26.99243],[0.7886817916688902],[0.8890191571301238],"[[99.0, 49.5, 24.8, 12.4, 7.43, 2.48, 1.55, 0.773, 99.0, 49.5, 24.8, 12.4, 7.43, 2.48, 1.55, 0.773]]","[[101.012, 96.33354, 92.5, 85.59584, 79.05738, 58.86822, 46.93884, 34.28436, 79.37263, 78.05486, 77.8594, 76.7749, 74.72572, 54.47982, 36.08764, 19.7005]]"
O=C(CCl)N1CCN(Cc2cc(O)ccc2O)CC1,NEH-REV-107bcf72-5,75711031,37.40705629144931,4.427046466799955,[37.40705629144931],[76.61412],[-7.938211],[1.4463854134923686],[0.9370287903809593],"[[99.0, 49.5, 24.8, 12.4, 7.43, 2.48, 1.55, 0.773, 99.0, 49.5, 24.8, 12.4, 7.43, 2.48, 1.55, 0.773]]","[[87.18474, 66.81904, 43.64124, 27.0082, 5.110341, 0.8228247, -4.088903, -3.672762, 66.0435, 55.58323, 30.35624, 14.85183, 2.191047, -4.940101, -11.09395, -12.20366]]"
Cc1ccncc1NC(=O)CN(C)S(=O)(=O)c1cccc2cccnc12,GAB-REV-70cc3ca5-8,75709377,98.99999999999999,,[nan],[41.569985],[-15.1198],[1.8541248248533282],[0.7025052689082347],"[[99.0, 49.5, 24.8, 12.4, 7.43, 2.48, 1.55, 0.773, 99.0, 49.5, 24.8, 12.4, 7.43, 2.48, 1.55, 0.773]]","[[57.27301, 27.75851, 7.922446, -0.3562421, -9.90227, -9.227616, -12.42434, -5.740858, 25.86696, 17.94767, 1.081337, -7.020807, -13.93127, -5.507566, -17.81526, -12.71438]]"
CC1CN(Cc2cccc(Cl)c2)CCN1C(=O)CCl,MED-COV-4280ac29-13,75710861,7.73331386482561,5.111634363157571,[7.733313864825609],[88.69798],[2.99495605],[1.2921500996974566],[0.9854460763012458],"[[99.0, 49.5, 24.8, 12.4, 7.43, 2.48, 1.55, 0.773, 99.0, 49.5, 24.8, 12.4, 7.43, 2.48, 1.55, 0.773]]","[[88.98171, 84.5744, 80.98045, 70.45712, 48.95649, 18.52774, 7.424338, 5.040984, 88.41425, 89.76356, 82.85309, 68.09899, 48.77364, 19.46091, 6.339849, 0.9489281]]"
O=C(CCl)N1CCN(Cc2cc(Cl)cc(Cl)c2)CC1,PAU-UNI-8cdd41c7-1,75711180,1.889434295910922,5.723668205847767,[1.889434295910922],[88.682215],[25.570615],[0.9351190253642958],[0.9391873707567308],"[[99.0, 49.5, 24.8, 12.4, 7.43, 2.48, 1.55, 0.773, 99.0, 49.5, 24.8, 12.4, 7.43, 2.48, 1.55, 0.773]]","[[88.43947, 83.83669, 84.97163, 86.33985, 81.78121, 59.47352, 43.88714, 25.86065, 88.92496, 91.11917, 89.68159, 88.08638, 85.04099, 60.69672, 45.53279, 25.28058]]"
CS(=O)(=O)N1CCN(C(=O)CCl)CC1c1ccccc1,DUN-NEW-f8ce3686-22,75709253,10.562354385868,4.976239265246978,[10.562354385868],[88.76103],[0.3909205],[1.3437506365221374],[0.9902916965683414],"[[99.0, 49.5, 24.8, 12.4, 7.43, 2.48, 1.55, 0.773, 99.0, 49.5, 24.8, 12.4, 7.43, 2.48, 1.55, 0.773]]","[[87.95397, 86.71816, 79.45461, 60.40668, 38.7169, 13.61602, 7.386507, 3.433165, 89.56809, 87.70807, 76.80643, 54.0826, 36.08134, 11.49117, 3.111602, -2.651324]]"
CC(CCc1ccccc1)N1CCN(C(=O)CCl)CC1,MAK-UNK-af83ef51-2,75710634,20.270724456528594,4.693130729755416,[20.270724456528598],[86.39975000000001],[-4.3474145],[1.4989543613236325],[0.988930160455252],"[[99.0, 49.5, 24.8, 12.4, 7.43, 2.48, 1.55, 0.773, 99.0, 49.5, 24.8, 12.4, 7.43, 2.48, 1.55, 0.773]]","[[86.67403, 77.84679, 57.95397, 35.70303, 15.86066, 1.056116, -3.149432, -0.8165196, 86.12547, 80.74716, 59.4546, 33.98172, 17.8657, 2.184741, -5.545397, -4.889659]]"
C=CC(=O)N(c1ccc(C(C)(C)C)cc1)C(C(=O)NCc1ccccc1)c1cccnc1,LON-WEI-adc59df6-40,76303054,33.324066165790356,4.477242011898399,[33.324066165790356],[78.389025],[-6.901009],[1.3919856887179967],[0.9796856647078546],"[[99.0, 49.5, 24.8, 12.4, 7.43, 2.48, 1.55, 0.773, 99.0, 49.5, 24.8, 12.4, 7.43, 2.48, 1.55, 0.773]]","[[79.91488, 63.93127, 39.55548, 20.94893, 5.318411, 1.308323, -5.734552, 1.19483, 76.86317, 65.46343, 42.36759, 25.03468, 10.5517, 0.1040353, -8.067466, -6.78121]]"
O=C(Nc1cnccc1Cl)c1cc(Cl)ccc1O,CHR-SOS-7098f804-10,75708728,24.184515598768147,4.616462606844425,[24.184515598768144],[84.17717999999999],[-3.9817152499999997],[1.4034047729438797],[0.981526920489838],"[[99.0, 49.5, 24.8, 12.4, 7.43, 2.48, 1.55, 0.773, 99.0, 49.5, 24.8, 12.4, 7.43, 2.48, 1.55, 0.773]]","[[86.45965, 74.07629, 54.48613, 34.78247, 13.95019, 1.030895, -0.1860025, 2.127995, 81.89471, 72.21627, 49.2087, 28.5971, 13.68537, 1.4029, -7.777428, -8.880833]]"
O=C(CCl)N1CCN(Cc2cc(O)cc(Cl)c2)CC1,MAT-POS-2db6411e-2,76369892,12.918449083140029,4.888789622181815,[12.91844908314003],[89.49558999999999],[-3.2723834],[1.3967007369110396],[0.9875710525513907],"[[99.0, 49.5, 24.8, 12.4, 7.43, 2.48, 1.55, 0.773, 99.0, 49.5, 24.8, 12.4, 7.43, 2.48, 1.55, 0.773]]","[[90.40038, 87.39912, 74.00063, 54.34742, 32.80895, 11.97667, 2.8657, 0.5453972, 88.5908, 84.15195, 68.67276, 48.98802, 28.92497, 6.970366, -1.043506, -7.090164]]"
C=CC(=O)N(c1ccc(C(C)(C)C)cc1)C(C(=O)NCc1cccnc1)c1cccnc1,LON-WEI-adc59df6-28,76303040,49.86157555024027,4.302234002567815,[49.861575550240275],[68.02648500000001],[-7.462169],[1.31515561902206],[0.96907403741618],"[[99.0, 49.5, 24.8, 12.4, 7.43, 2.48, 1.55, 0.773, 99.0, 49.5, 24.8, 12.4, 7.43, 2.48, 1.55, 0.773]]","[[69.97793, 50.77869, 29.4546, 14.39155, 4.435687, -2.096469, -5.129256, -1.075032, 66.07504, 51.59206, 32.46217, 17.27932, 2.777427, -1.737074, -9.795082, -7.531526]]"
C=CC(=O)N(c1ccc(C(C)(C)C)cc1)C(C(=O)NCC)c1cccnc1,LON-WEI-adc59df6-30,76303043,45.490007175617016,4.342083994664206,[45.49000717561701],[73.38902999999999],[-7.585122],[1.4002964938570917],[0.9707296952559927],"[[99.0, 49.5, 24.8, 12.4, 7.43, 2.48, 1.55, 0.773, 99.0, 49.5, 24.8, 12.4, 7.43, 2.48, 1.55, 0.773]]","[[75.77869, 55.5454, 31.20744, 18.25031, 9.795082, 0.8984867, -5.040984, -1.421816, 70.99937, 52.15322, 28.42056, 12.78373, 5.633669, -3.029634, -10.12926, -10.87957]]"
C=CC(=O)N(c1ccc(C(C)(C)C)cc1)C(C(=O)NCc1ccc(F)cc1)c1cccnc1,LON-WEI-adc59df6-23,76303035,23.334775037922476,4.6319963816337575,[23.334775037922476],[82.39912],[-5.204918],[1.3349540247674303],[0.9829837242094671],"[[99.0, 49.5, 24.8, 12.4, 7.43, 2.48, 1.55, 0.773, 99.0, 49.5, 24.8, 12.4, 7.43, 2.48, 1.55, 0.773]]","[[84.24023, 73.44578, 53.72951, 31.37137, 14.75095, 7.373897, 0.1166456, -1.623581, 80.55801, 74.52396, 53.83039, 31.97667, 19.02585, 0.1607818, -5.747163, -8.786255]]"
C=CC(=O)N(c1ccc(C(C)(C)C)cc1)C(C(=O)NCCOC)c1cccnc1,LON-WEI-adc59df6-26,76303038,55.777989342219364,4.253537145023673,[55.777989342219364],[66.91677],[-4.2528375],[1.383341589412426],[0.9825268426604221],"[[99.0, 49.5, 24.8, 12.4, 7.43, 2.48, 1.55, 0.773, 99.0, 49.5, 24.8, 12.4, 7.43, 2.48, 1.55, 0.773]]","[[69.3285, 47.56936, 25.49496, 12.58827, 4.845523, -3.212484, -2.581967, -1.598361, 64.50504, 46.85687, 26.09395, 11.30832, 2.266709, -3.24401, -4.278058, -6.907314]]"
C=CC(=O)N(c1ccc(C(C)(C)C)cc1)C(C(=O)NCC1CCCO1)c1cccnc1,LON-WEI-adc59df6-32,76303045,90.5004515688197,4.043349253796373,[90.50045156881973],[51.270489999999995],[-6.8284994999999995],[1.4042402732668626],[0.9339720974254198],"[[99.0, 49.5, 24.8, 12.4, 7.43, 2.48, 1.55, 0.773, 99.0, 49.5, 24.8, 12.4, 7.43, 2.48, 1.55, 0.773]]","[[53.67276, 31.13178, 17.0145, 7.531526, 4.322194, -2.916141, -4.467213, -2.203657, 48.86822, 33.6034, 13.74212, 1.661412, -3.199874, -7.455864, -9.189786, -11.00567]]"
C=CC(=O)N(c1ccc(C(C)(C)C)cc1)C(C(=O)NCCCSC)c1cccnc1,LON-WEI-adc59df6-10,76303016,25.468075026835102,4.594003879410815,[25.468075026835105],[82.96028000000001],[-3.6065575],[1.3065088810556644],[0.9859983852605577],"[[99.0, 49.5, 24.8, 12.4, 7.43, 2.48, 1.55, 0.773, 99.0, 49.5, 24.8, 12.4, 7.43, 2.48, 1.55, 0.773]]","[[83.08638, 71.01829, 49.71312, 31.6488, 20.59584, 5.015763, 0.7471627, -1.447037, 82.83418, 72.36129, 46.15069, 30.52018, 12.41173, 1.787516, -6.566835, -5.766078]]"
C=CC(=O)N(c1ccc(C(C)(C)C)cc1)C(C(=O)NC)c1cccnc1,LON-WEI-adc59df6-3,76303042,35.708552992146366,4.447227748246275,[35.708552992146366],[79.2087],[-6.2578815],[1.4290865255473006],[0.9805692859548372],"[[99.0, 49.5, 24.8, 12.4, 7.43, 2.48, 1.55, 0.773, 99.0, 49.5, 24.8, 12.4, 7.43, 2.48, 1.55, 0.773]]","[[79.78878, 62.63241, 39.28436, 24.66267, 9.631147, 0.9867591, -1.604666, -4.044767, 78.62862, 62.04603, 34.25284, 18.57188, 5.595839, -2.884615, -7.216267, -8.470996]]"
C=CC(=O)N(c1ccc(C(C)(C)C)cc1)C(C(=O)NCCSC)c1cccnc1,LON-WEI-adc59df6-17,76303028,20.161945162866054,4.695467570800558,[20.16194516286605],[83.976095],[7.173773000000001],[0.9531008682145841],[0.9623371535505258],"[[99.0, 49.5, 24.8, 12.4, 7.43, 2.48, 1.55, 0.773, 99.0, 49.5, 24.8, 12.4, 7.43, 2.48, 1.55, 0.773]]","[[87.83591, 75.72351, 54.58656, 44.52842, 32.23514, 18.21705, 11.31137, 13.0491, 80.11628, 70.55556, 46.21447, 35.17442, 17.90698, 12.09948, 3.036176, 5.219638]]"
Cc1ccc(S(=O)(=O)NC2CCN(C(=O)CCl)CC2)cc1,WAR-XCH-79d12f6e-4,75711893,33.541030244308466,4.474423601761344,[33.54103024430847],[81.00129],[1.2177004999999999],[1.2530456119453082],[0.9686755405643221],"[[99.0, 49.5, 24.8, 12.4, 7.43, 2.48, 1.55, 0.773, 99.0, 49.5, 24.8, 12.4, 7.43, 2.48, 1.55, 0.773]]","[[82.95866, 64.33463, 38.77907, 28.68863, 17.07364, 13.91473, 4.793282, 4.011628, 79.04392, 63.10077, 32.26098, 23.63695, 3.70155, 6.459948, -2.357881, 1.492248]]"
N#Cc1cc(CN2CCN(C(=O)CCl)CC2)c2ccccc2c1,DAR-DIA-fb20be43-6,75708978,4.606205937262608,5.336656649216463,[4.606205937262608],[95.82364],[10.6427665],[1.373081046646488],[0.9905410993023986],"[[99.0, 49.5, 24.8, 12.4, 7.43, 2.48, 1.55, 0.773, 99.0, 49.5, 24.8, 12.4, 7.43, 2.48, 1.55, 0.773]]","[[94.28941, 96.13695, 91.50517, 83.51421, 66.36951, 33.1783, 18.74677, 14.17959, 93.66925, 95.51033, 91.16279, 81.80878, 60.90439, 29.22481, 12.34496, 7.105943]]"
O=C(CCl)N1CCN(S(=O)(=O)C2=CC[SH]=C2)CC1,MAK-UNK-d4768348-1,76388307,1.6308433161215814,5.787587761959426,[1.6308433161215814],[94.82880499999999],[30.319765],[1.2037452445075527],[0.9824900348794692],"[[99.0, 49.5, 24.8, 12.4, 7.43, 2.48, 1.55, 0.773, 99.0, 49.5, 24.8, 12.4, 7.43, 2.48, 1.55, 0.773]]","[[93.44315, 95.23901, 94.05038, 95.00645, 88.60465, 64.22481, 45.76873, 31.06589, 92.96511, 94.4186, 93.0491, 93.44315, 88.32687, 61.66666, 45.80103, 29.57364]]"
O=C(CCl)N1CCCc2cc(NCc3ccc(F)cc3Cl)ccc21,MAT-POS-ee51dedd-3,76407517,19.263261972777347,4.715270169089744,[19.263261972777347],[80.277775],[-3.13630485],[1.1900158421580684],[0.9716716096689192],"[[99.0, 49.5, 24.8, 12.4, 7.43, 2.48, 1.55, 0.773, 99.0, 49.5, 24.8, 12.4, 7.43, 2.48, 1.55, 0.773]]","[[83.55943, 78.35917, 61.40181, 43.36563, 26.33075, 12.08656, 0.8333333, 2.293282, 76.99612, 74.69638, 56.77002, 39.45736, 18.23643, 4.089147, -7.105943, -3.73385]]"
O=C(Nc1cccnc1)c1cc(Cl)ccc1-c1ccccc1,CHR-SOS-7098f804-14,75708732,39.068781630212975,4.408170132146751,[39.068781630212975],[69.68023],[-6.970283],[1.13458420493925],[0.9542097241071195],"[[99.0, 49.5, 24.8, 12.4, 7.43, 2.48, 1.55, 0.773, 99.0, 49.5, 24.8, 12.4, 7.43, 2.48, 1.55, 0.773]]","[[74.30878, 60.07106, 40.2584, 30.70413, 10.5491, 7.803617, -2.971576, 2.015504, 65.05168, 59.0956, 34.21188, 22.84238, 7.945736, 0.4780362, -10.96899, -6.401809]]"
N#Cc1cccc(CN2CCN(C(=O)CCl)CC2)c1,MAT-POS-ee51dedd-1,76407516,19.69161179219269,4.705718734658901,[19.691611792192685],[80.43604],[-1.2112404999999997],[1.1455773786628605],[0.9820910299179356],"[[99.0, 49.5, 24.8, 12.4, 7.43, 2.48, 1.55, 0.773, 99.0, 49.5, 24.8, 12.4, 7.43, 2.48, 1.55, 0.773]]","[[81.22092, 75.50388, 56.64083, 42.17054, 22.4677, 8.436692, 2.189922, 3.301033, 79.65116, 76.48579, 56.64729, 42.64858, 20.34884, 9.153747, -4.612403, 0.129199]]"
C=CC(=O)N(c1ccc(C(C)(C)C)cc1)C(C(=O)NC(C)(C)C)c1cccnc1,LON-WEI-8f408cad-8,75710012,98.99999999999999,,[nan],[39.253875],[-7.564599],[1.1180137532536487],[0.9080167554024285],"[[99.0, 49.5, 24.8, 12.4, 6.19, 3.71, 1.24, 0.772, 99.0, 49.5, 24.8, 12.4, 6.19, 3.71, 1.24, 0.772]]","[[42.0478, 25.65891, 11.32429, 7.383721, -4.496124, 2.616279, -5.310077, 2.267442, 36.45995, 30.1938, 12.29328, 9.728682, 2.939276, 1.653747, -9.819121, -8.262274]]"
CC(NC(=O)CCl)c1cc(F)cc(Cl)c1,DAV-CRI-3edb475e-6,75709028,27.94383202184875,4.553714038027561,[27.943832021848753],[89.50988],[2.0222775],[1.634721807857107],[0.994710222876635],"[[99.0, 49.5, 24.8, 12.4, 7.43, 2.48, 1.55, 0.773, 99.0, 49.5, 24.8, 12.4, 7.43, 2.48, 1.55, 0.773]]","[[91.08913, 73.96056, 46.3251, 24.55942, 10.08344, 5.147233, 4.666471, 2.310176, 87.93063, 71.34432, 39.90469, 20.9509, 8.50139, 1.460456, 0.9182005, 1.734379]]"
Cc1cc(C)nc(NC2CCN(C(=O)CCl)CC2)n1,GIA-UNK-a79af1bc-1,75709459,27.55663992085115,4.559773738607522,[27.556639920851154],[92.657195],[1.242436],[1.8158394470301473],[0.9855450408190447],"[[99.0, 49.5, 24.8, 12.4, 7.43, 2.48, 1.55, 0.773, 99.0, 49.5, 24.8, 12.4, 7.43, 2.48, 1.55, 0.773]]","[[93.00379, 78.45793, 45.99528, 27.54741, 10.69836, 4.118626, 5.960617, 6.625858, 92.3106, 72.904, 37.74405, 15.79668, 6.765615, -1.633754, -0.778444, -0.2082373]]"
O=C(Nc1cccnc1)N(CCC1CCCCC1)c1cccc(Cl)c1,JOR-UNI-2fc98d0b-12,75709866,3.0566719642303646,5.514751166366755,[3.0566719642303646],[96.26291],[22.319119999999998],[0.9549919699982574],[0.993446639800721],"[[99.0, 49.5, 24.8, 12.4, 7.43, 2.48, 1.55, 0.773, 99.0, 49.5, 24.8, 12.4, 7.43, 2.48, 1.55, 0.773]]","[[96.49211, 95.3517, 90.73415, 80.98193, 69.14735, 41.32741, 38.50433, 22.52456, 96.03371, 94.92125, 89.16048, 78.98621, 67.47027, 41.15691, 36.27381, 22.11368]]"
CC(C)C[C@@H]1CN(C(=O)CCl)CCN1Cc1cccc(Cl)c1,DAN-LON-a5fc619e-3,75708791,0.7840061010173615,6.105680557688183,[0.7840061010173615],[100.54225],[49.933620000000005],[1.431619877400119],[0.9900553178107672],"[[99.0, 49.5, 24.8, 12.4, 7.43, 2.48, 1.55, 0.773, 99.0, 49.5, 24.8, 12.4, 7.43, 2.48, 1.55, 0.773]]","[[101.051, 100.5395, 100.0894, 99.427, 98.77014, 78.86043, 72.85928, 48.96371, 100.0335, 100.1929, 99.72049, 98.87077, 98.99934, 84.42833, 73.04655, 50.90353]]"
O=C(CCl)N1CCN(Cc2cnc(Cc3ccccc3)s2)CC1,MED-COV-4280ac29-25,75710873,29.75442287482279,4.526448469015741,[29.75442287482279],[92.20718],[-1.5429119999999998],[1.897670998115],[0.989561283036815],"[[99.0, 49.5, 24.8, 12.4, 7.43, 2.48, 1.55, 0.773, 99.0, 49.5, 24.8, 12.4, 7.43, 2.48, 1.55, 0.773]]","[[92.24352, 66.74074, 35.80703, 21.37297, 5.725826, 2.125697, -1.379397, -2.648386, 92.17084, 80.17414, 40.59788, 16.78895, 9.504843, -2.916719, -0.5492432, -0.437438]]"
CS(=O)(=O)N1CCc2ccc(CN3CCN(C(=O)CCl)CC3)cc2C1,TAM-UNI-d1c3dd9f-5,75711728,40.18543341037376,4.395931343331664,[40.185433410373754],[81.61782],[-2.7098795],[1.7011494668750684],[0.9957055605859676],"[[99.0, 49.5, 24.8, 12.4, 7.43, 2.48, 1.55, 0.773, 99.0, 49.5, 24.8, 12.4, 7.43, 2.48, 1.55, 0.773]]","[[80.77229, 59.34482, 29.5655, 15.38859, 4.342236, -2.066999, -2.455523, -0.8455271, 82.46335, 60.18895, 28.69621, 12.25805, 6.080807, -3.35276, 0.2417788, -1.432505]]"
O=C(Cc1cccc(Cl)c1)Nc1cccnc1,EDG-MED-0da5ad92-2,76369639,53.71730677823199,4.269885769656957,[53.71730677823199],[65.777815],[-1.333277225],[1.2883182327549483],[0.983838474740441],"[[99.0, 49.5, 24.8, 12.4, 7.43, 2.48, 1.55, 0.773, 99.0, 49.5, 24.8, 12.4, 7.43, 2.48, 1.55, 0.773]]","[[63.78349, 49.72119, 29.75557, 17.74489, 5.465878, 1.983145, -0.8063953, -2.603664, 67.77214, 50.86719, 25.06813, 11.16795, 0.9601275, -1.725993, -0.8930444, -0.06289045]]"
Cc1cc(Cl)cc(CC2CCN(C(=O)CCl)CC2)c1,NIR-THE-0d6461ce-8,75711125,3.5743711802507216,5.446800350217501,[3.574371180250722],[100.53665000000001],[13.877825000000001],[1.4869669582937368],[0.9908615142034267],"[[99.0, 49.5, 24.8, 12.4, 7.43, 2.48, 1.55, 0.773, 99.0, 49.5, 24.8, 12.4, 7.43, 2.48, 1.55, 0.773]]","[[100.668, 99.35712, 97.97073, 88.2353, 70.46385, 30.9966, 25.23863, 13.5494, 100.4053, 100.7938, 98.3369, 91.1003, 74.1115, 34.38989, 24.42246, 14.20625]]"
C=CC(=O)N(c1ccc(C(C)(C)C)cc1)C(C(=O)Nc1ccc2c(c1)OCO2)c1cccnc1,LON-WEI-adc59df6-43,76303057,36.06806763615854,4.442877124591358,[36.06806763615854],[73.22824],[0.96991055],[1.2245178374993844],[0.9815022363022228],"[[99.0, 49.5, 24.8, 12.4, 7.43, 2.48, 1.55, 0.773, 99.0, 49.5, 24.8, 12.4, 7.43, 2.48, 1.55, 0.773]]","[[74.02485, 64.8121, 41.05628, 24.70756, 10.335, 3.224184, 2.908334, -0.6051459, 72.43163, 62.58717, 36.13406, 19.04462, 10.11977, 0.5184968, -0.9685129, 9.694912]]"
Cc1ccncc1NC(=O)Cc1cccc(Br)c1,JAN-GHE-83b26c96-12,76346444,20.593944072484167,4.686260471017583,[20.593944072484167],[86.46494999999999],[2.1207509],[1.2041939264805854],[0.9912549605432208],"[[99.0, 49.5, 24.8, 12.4, 7.43, 2.48, 1.55, 0.773, 99.0, 49.5, 24.8, 12.4, 7.43, 2.48, 1.55, 0.773]]","[[88.00674, 77.20287, 58.92289, 40.24014, 22.89655, 10.4716, 7.204259, 0.8432658, 84.92316, 73.01675, 50.05978, 32.57523, 20.50772, 5.087285, 0.7098536, 3.398236]]"
O=C(c1cc(=O)[nH]c2ccccc12)N1CCN(c2ccc(F)cc2)CC1,BEN-DND-7e92b6ca-14,76388084,16.502618986751816,4.782447127226373,[16.502618986751816],[86.61347],[3.4813035],[1.1494552935653324],[0.9956229221612425],"[[99.0, 49.5, 24.8, 12.4, 7.43, 2.48, 1.55, 0.773, 99.0, 49.5, 24.8, 12.4, 7.43, 2.48, 1.55, 0.773]]","[[86.42342, 78.55965, 62.5527, 45.39036, 26.78565, 10.02605, 6.892125, 4.432809, 86.80352, 77.80449, 60.05815, 43.18528, 28.06187, 10.05374, 0.2164802, 2.529798]]"
COc1cccc(N2CCN(C(=O)c3cc(=O)[nH]c4ccccc34)CC2)c1,BEN-DND-7e92b6ca-12,76388082,7.549629526990477,5.122074359408076,[7.549629526990477],[94.14119],[9.780628],[1.0638225977306826],[0.9976874098475991],"[[99.0, 49.5, 24.8, 12.4, 7.43, 2.48, 1.55, 0.773, 99.0, 49.5, 24.8, 12.4, 7.43, 2.48, 1.55, 0.773]]","[[94.57163, 89.31318, 78.54707, 63.50673, 47.76157, 23.9563, 18.27999, 9.157616, 93.71075, 88.84246, 77.36146, 63.63007, 47.8975, 24.0872, 12.12289, 10.40364]]"
COc1ccccc1N1CCN(C(=O)c2cc(=O)[nH]c3ccccc23)CC1,BEN-DND-7e92b6ca-13,76388083,32.75910224749993,4.484668008447005,[32.75910224749994],[76.64405500000001],[-1.63870455],[1.2389013254834247],[0.9924488046455692],"[[99.0, 49.5, 24.8, 12.4, 7.43, 2.48, 1.55, 0.773, 99.0, 49.5, 24.8, 12.4, 7.43, 2.48, 1.55, 0.773]]","[[75.49621, 61.83027, 43.1878, 24.20047, 11.67483, 3.184273, 0.5814759, 0.7123709, 77.7919, 65.13033, 43.71641, 24.32381, 10.66039, 3.55682, -3.858885, -0.8180937]]"
O=C(c1cc(=O)[nH]c2ccccc12)N1CCN(c2ccccc2F)CC1,BEN-DND-7e92b6ca-16,76388086,23.999599864981686,4.619795999033357,[23.999599864981683],[82.86031],[-1.7280655],[1.2040224875030243],[0.9916147258193115],"[[99.0, 49.5, 24.8, 12.4, 7.43, 2.48, 1.55, 0.773, 99.0, 49.5, 24.8, 12.4, 7.43, 2.48, 1.55, 0.773]]","[[82.81626, 71.05081, 50.34675, 30.81067, 18.54681, 3.365512, 2.174871, -1.225882, 82.90436, 71.94946, 49.95406, 32.18255, 25.9449, 6.008584, -2.889759, -2.230249]]"
CN(C(=O)Cn1nnc2ccccc21)c1ccc(Oc2ccc(C(F)(F)F)cn2)cc1,AAR-POS-8a4e0f60-7,76302896,37.8323685211715,4.422136468554595,[37.8323685211715],[75.812115],[-3.5178030000000002],[1.2337199501005696],[0.9715972030663206],"[[99.0, 49.5, 24.8, 12.4, 7.43, 2.48, 1.55, 0.773, 99.0, 49.5, 24.8, 12.4, 7.43, 2.48, 1.55, 0.773]]","[[75.45593, 57.56359, 34.0629, 19.90863, 10.13178, 0.6343373, 0.8281626, -4.138296, 76.1683, 60.24442, 35.28627, 33.75581, 6.758713, 5.17287, -6.532164, -2.89731]]"
COc1ccc(N2CCN(C(=O)c3cc(=O)[nH]c4ccccc34)CC2)cc1,BEN-DND-7e92b6ca-11,76388081,14.673870657581732,4.833455313320813,[14.67387065758173],[88.704015],[1.1642101],[1.1425426506973113],[0.9961050516509095],"[[99.0, 49.5, 24.8, 12.4, 7.43, 2.48, 1.55, 0.773, 99.0, 49.5, 24.8, 12.4, 7.43, 2.48, 1.55, 0.773]]","[[89.68321, 81.09952, 64.56144, 48.65015, 29.52941, 14.71562, 6.49944, 0.8835412, 87.72482, 80.14801, 62.91518, 45.86863, 29.88182, 13.87487, 3.775817, 1.444879]]"
O=C(c1cc(=O)[nH]c2ccccc12)N1CCN(Cc2ccccc2)CC1,BEN-DND-7e92b6ca-10,76388080,8.761368777302826,5.057428039266635,[8.761368777302824],[93.100325],[4.13452],[1.1167675897729998],[0.9915037592671747],"[[99.0, 49.5, 24.8, 12.4, 7.43, 2.48, 1.55, 0.773, 99.0, 49.5, 24.8, 12.4, 7.43, 2.48, 1.55, 0.773]]","[[93.36589, 88.60332, 77.44956, 65.67153, 49.81058, 23.66682, 13.0316, 3.738059, 92.83476, 85.70602, 72.02497, 56.47112, 41.17654, 18.15413, 9.721471, 4.530981]]"
COCc1cc(Cl)cc(CN2CCN(C(=O)CCl)CC2)c1,MED-COV-4280ac29-33,75710882,4.773754647513497,5.321139905808783,[4.773754647513497],[99.63752],[11.299761499999999],[1.439455080209549],[0.9922504531179611],"[[99.0, 49.5, 24.8, 12.4, 7.43, 2.48, 1.55, 0.773, 99.0, 49.5, 24.8, 12.4, 7.43, 2.48, 1.55, 0.773]]","[[99.38454, 99.25868, 96.30599, 81.98558, 63.7509, 29.52941, 18.52668, 13.7918, 99.8905, 98.88866, 94.92656, 79.67226, 59.55471, 25.93987, 15.19892, 8.807723]]"
Cc1ccncc1CC(=O)Nc1cccc(Cl)c1,EDJ-MED-49816e9b-1,76388179,29.859591451836742,4.524916138721734,[29.859591451836746],[79.70499000000001],[0.9666092],[1.1167641954028547],[0.9900561548941743],"[[99.0, 49.5, 24.8, 12.4, 7.43, 2.48, 1.55, 0.773, 99.0, 49.5, 24.8, 12.4, 7.43, 2.48, 1.55, 0.773]]","[[81.74393, 66.77659, 47.21785, 28.0946, 19.99169, 11.1739, 2.137113, 2.333455, 77.66605, 62.42433, 39.53281, 26.33507, 14.54193, 4.075366, 7.045675, -0.4002366]]"
O=C(Cc1cccnc1)Nc1cccc(OC2CC(=O)N2)c1,RAL-MED-2de63afb-1,76388326,88.3422842953824,4.053831375237764,"[82.64609314801852, 94.43107226555321]","[50.878550000000004, 51.555935000000005]","[-14.2032705, -2.5911875]","[1.150009985141794, 0.9533739538464044]","[0.7966425144085761, 0.7789375219387772]","[[0.388, 0.194, 0.1, 0.05, 99.5, 49.8, 24.9, 12.4, 99.5, 7.46, 49.8, 2.49, 24.9, 1.55, 12.4, 0.776, 7.46, 0.388, 2.49, 0.194, 1.55, 0.1, 0.776, 0.05], [0.388, 0.194, 0.1, 0.05, 99.5, 49.8, 24.9, 12.4, 99.5, 7.46, 49.8, 2.49, 24.9, 1.55, 12.4, 0.776, 7.46, 0.388, 2.49, 0.194, 1.55, 0.1, 0.776, 0.05]]","[[2.424634, -8.875969, -6.929371, 1.881998, 49.81481, 38.87597, 22.57106, 12.42463, 51.94229, -1.67528, 42.83807, 10.4522, 19.30663, -4.707149, 14.18174, -1.787252, 1.821705, -9.298018, -2.338501, -10.22825, -18.97071, -21.47717, -14.31955, -21.21016], [2.210531, 3.947958, 4.837065, 4.55701, 51.71228, 33.41626, 16.86039, 10.1853, 51.39959, 4.687521, 35.32227, 0.2827739, 23.53277, -6.71588, 33.77789, 22.54578, -3.020787, -7.392906, -3.11867, -5.587503, 8.722486, 11.95263, -5.152467, 3.004472]]"
Cc1ccncc1NC(=O)Cc1cc(Cl)cc(OC2CC(=O)N2)c1,TRY-UNI-2eddb1ff-7,76346573,3.609856311923299,5.442510084571008,"[4.000214469881358, 3.2575909843951365]","[96.369505, 95.977265]","[-2.7820843500000003, -3.4789345]","[1.0523613383120165, 0.9922111895109929]","[0.9843091071407547, 0.9543023455113474]","[[99.5, 7.46, 49.8, 2.49, 24.9, 1.55, 12.4, 0.776, 7.46, 0.388, 2.49, 0.194, 1.55, 0.1, 0.776, 0.05, 0.388, 0.194, 0.1, 0.05, 99.5, 49.8, 24.9, 12.4], [99.5, 7.46, 49.8, 2.49, 24.9, 1.55, 12.4, 0.776, 7.46, 0.388, 2.49, 0.194, 1.55, 0.1, 0.776, 0.05, 0.388, 0.194, 0.1, 0.05, 99.5, 49.8, 24.9, 12.4]]","[[98.4453, 72.06287, 93.58743, 33.87166, 86.7571, 24.62102, 79.01378, 15.37898, 66.49009, -1.072351, 40.09044, 2.04565, 30.07321, -0.6244617, 21.14126, 3.3118, 3.492679, 13.85444, -4.939707, -8.324719, 94.29371, 91.72696, 81.65805, 72.01981], [96.91531, 69.62763, 94.30238, 44.8686, 89.34567, 35.07212, 81.29205, 22.32826, 70.64725, 6.843672, 41.93211, -14.43778, 30.78701, 0.7314056, 18.28786, -1.163723, 7.795315, 36.92102, -1.832592, -5.794146, 95.03922, 92.55951, 85.38684, 76.10424]]"
Cc1cc(NC(=O)Cc2cncnc2)cc(OC2CC(=O)N2)c1,RAL-MED-2de63afb-2,76388334,34.319907335359666,4.46445389342812,"[34.64289013226461, 33.99993577356527]","[75.29714999999999, 74.6156]","[-24.793280000000003, -1.276561]","[1.3532647009019132, 1.0604540612193254]","[0.8196667591834751, 0.9720809415766954]","[[0.388, 0.194, 0.1, 0.05, 99.5, 49.8, 24.9, 12.4, 99.5, 7.46, 49.8, 2.49, 24.9, 1.55, 12.4, 0.776, 7.46, 0.388, 2.49, 0.194, 1.55, 0.1, 0.776, 0.05], [0.388, 0.194, 0.1, 0.05, 99.5, 49.8, 24.9, 12.4, 99.5, 7.46, 49.8, 2.49, 24.9, 1.55, 12.4, 0.776, 7.46, 0.388, 2.49, 0.194, 1.55, 0.1, 0.776, 0.05]]","[[-12.43325, -13.98363, -16.74849, -8.006029, 75.913, 62.78639, 41.77002, 31.53747, 74.6813, 14.7416, 64.354, 11.20155, 37.71318, -4.836348, 19.49612, -9.211886, 4.164513, -14.5435, -8.376399, -14.6124, -24.94832, -32.83807, -22.03704, -26.84324], [10.10645, 5.731609, 3.164892, 3.947958, 74.16017, 61.04653, 43.63419, 28.24204, 75.07103, 16.90662, 61.90845, 13.16802, 38.77537, -0.5437959, 23.95965, 5.14431, 14.72599, -6.362412, 1.250731, -5.557595, 1.212665, -5.718014, 4.260641, -4.812594]]"
O=C(Nc1nncn1C1CC1)C1CCOc2ccc(Cl)cc21,JAG-UCB-a3ef7265-20,76390012,0.5978529750818746,6.22340560524454,"[0.5134766575976677, 0.6960943102778975]","[99.948305, 98.153805]","[9.745907500000001, 6.6479055]","[0.8998999306396908, 0.9969007824536976]","[0.9831834224498401, 0.9959972412222449]","[[99.5, 7.46, 49.8, 2.49, 24.9, 1.55, 12.4, 0.776, 7.46, 0.388, 2.49, 0.194, 1.55, 0.1, 0.776, 0.05, 0.388, 0.194, 0.1, 0.05, 99.5, 49.8, 24.9, 12.4], [99.5, 7.46, 49.8, 2.49, 24.9, 1.55, 12.4, 0.776, 7.46, 0.388, 2.49, 0.194, 1.55, 0.1, 0.776, 0.05, 0.388, 0.194, 0.1, 0.05, 99.5, 49.8, 24.9, 12.4]]","[[101.8389, 91.78725, 95.76658, 77.67873, 96.24892, 71.27907, 94.07838, 60.29716, 90.72782, 35.60293, 81.27907, 27.34281, 75.18949, 26.24031, 64.83635, 17.9888, 45.55125, 33.91473, 11.52885, 1.503015, 98.05771, 98.06632, 96.14556, 94.53488], [98.78053, 90.37888, 98.14429, 78.09725, 96.87997, 71.53908, 94.4356, 55.43999, 87.96715, 33.6936, 75.76709, 22.24397, 69.23338, 12.03149, 53.16149, 6.68869, 39.36539, 21.91498, 5.486901, 6.607121, 97.52708, 97.23887, 95.77878, 92.87491]]"
O=C(Cc1cncnc1)Nc1cc(F)cc(OC2CC(=O)N2)c1,RAL-MED-2de63afb-14,76388331,24.94667484680678,4.6029873334843225,"[24.61444590711431, 25.283387985281774]","[81.67958, 79.41460000000001]","[-18.40224, -0.41056550000000014]","[1.1409969230241392, 1.1018539300013568]","[0.8796997557605234, 0.9845778912812108]","[[0.388, 0.194, 0.1, 0.05, 99.5, 49.8, 24.9, 12.4, 99.5, 7.46, 49.8, 2.49, 24.9, 1.55, 12.4, 0.776, 7.46, 0.388, 2.49, 0.194, 1.55, 0.1, 0.776, 0.05], [0.388, 0.194, 0.1, 0.05, 99.5, 49.8, 24.9, 12.4, 99.5, 7.46, 49.8, 2.49, 24.9, 1.55, 12.4, 0.776, 7.46, 0.388, 2.49, 0.194, 1.55, 0.1, 0.776, 0.05]]","[[-5.861326, -15.49957, -16.87769, -7.911283, 80.34883, 70.6503, 53.00172, 41.98536, 83.01033, 27.39449, 53.441, 15.13781, 53.63049, -3.389319, 33.51852, -5.129199, 17.24806, -17.69595, -0.2971576, -14.76744, -1.442722, -19.92679, -22.09733, -19.95263], [3.771225, 4.203543, 4.50263, 4.760933, 78.32837, 65.92982, 54.45029, 34.83829, 80.50083, 22.12978, 68.8772, 9.320662, 47.3891, 0.8999823, 33.59843, 3.425915, 17.05616, -2.990878, 0.1441059, -5.024674, 0.9761137, -0.2147994, 1.082154, -4.459127]]"
Cc1ccncc1NC(=O)C1(c2cccc(Cl)c2)CC1,JAN-GHE-83b26c96-20,76346451,99.49999999999997,,"[99, 99]","[39.616704999999996, 45.393365]","[-12.695953, -3.8432775]","[2.124313336672667, 1.0940647927566642]","[0.6210422526820766, 0.913096073687081]","[[99.5, 7.46, 49.8, 2.49, 24.9, 1.55, 12.4, 0.776, 7.46, 0.388, 2.49, 0.194, 1.55, 0.1, 0.776, 0.05, 0.388, 0.194, 0.1, 0.05, 99.5, 49.8, 24.9, 12.4], [99.5, 7.46, 49.8, 2.49, 24.9, 1.55, 12.4, 0.776, 7.46, 0.388, 2.49, 0.194, 1.55, 0.1, 0.776, 0.05, 0.388, 0.194, 0.1, 0.05, 99.5, 49.8, 24.9, 12.4]]","[[42.19207, -6.567614, 17.8596, -17.23083, 3.268734, -21.53747, -2.459087, -13.21705, -10.21102, -16.34367, -6.317829, -8.488372, -3.854436, -6.111111, 4.870801, 3.139535, 1.132644, 0.6416882, -13.29457, -16.25754, 37.04134, 17.94574, -1.571921, -11.24462], [48.45494, 8.893783, 32.64407, 1.435621, 20.47392, 4.535258, 12.37136, 3.986024, 1.30511, -4.070312, 3.115951, -0.4540696, 0.4676645, -1.585165, 3.65159, 10.58227, -1.623231, 1.538943, -6.10139, -2.950093, 42.33179, 26.01248, 9.918839, 0.3289965]]"
O=C(Nc1cnccc1CO)[C@@H]1COc2ccc(Cl)cc21,JAG-UCB-a3ef7265-3,76390017,42.357588106548306,4.373068777125426,"[42.74560130395519, 41.97309700818247]","[71.40827, 69.431865]","[-23.919035, -1.83531135]","[1.4016072910616988, 1.0217118168853898]","[0.7809918288777119, 0.9191632445590951]","[[0.388, 0.194, 0.1, 0.05, 99.5, 49.8, 24.9, 12.4, 99.5, 7.46, 49.8, 2.49, 24.9, 1.55, 12.4, 0.776, 7.46, 0.388, 2.49, 0.194, 1.55, 0.1, 0.776, 0.05], [0.388, 0.194, 0.1, 0.05, 99.5, 49.8, 24.9, 12.4, 99.5, 7.46, 49.8, 2.49, 24.9, 1.55, 12.4, 0.776, 7.46, 0.388, 2.49, 0.194, 1.55, 0.1, 0.776, 0.05]]","[[-16.34367, -19.04823, -19.14298, -11.6236, 73.10508, 59.03962, 38.82429, 26.33505, 69.71146, 20.16796, 58.05771, 8.074935, 26.01637, -5.223945, 9.203273, -11.33936, -4.448751, -17.06718, -13.56158, -17.93712, -23.57881, -28.69509, -20.61585, -23.08785], [3.705969, 8.211319, 3.308998, 3.319874, 68.98867, 54.51283, 37.10592, 49.41202, 69.87506, 10.49254, 55.07293, 3.991462, 30.84139, 5.27754, 17.02625, -3.094199, 6.365131, -3.281809, 1.612355, -0.5057302, -3.814728, -6.245496, -0.5764237, -0.263741]]"
O=C(CCl)N1CCN(C(c2ccccc2)C2CCCCC2)CC1,GIA-UNK-20b63697-6,75709415,4.128421913030777,5.384215925446308,"[5.721940440282881, 2.978686630850369]","[97.39879, 96.806555]","[-3.6563305, 0.5478744]","[1.3733196726221646, 1.0777060429520053]","[0.9876338327626062, 0.9895654416528604]","[[99.5, 7.46, 49.8, 2.49, 24.9, 1.55, 12.4, 0.776, 7.46, 0.388, 2.49, 0.194, 1.55, 0.1, 0.776, 0.05, 0.388, 0.194, 0.1, 0.05, 99.5, 49.8, 24.9, 12.4], [99.5, 7.46, 49.8, 2.49, 24.9, 1.55, 12.4, 0.776, 7.46, 0.388, 2.49, 0.194, 1.55, 0.1, 0.776, 0.05, 0.388, 0.194, 0.1, 0.05, 99.5, 49.8, 24.9, 12.4]]","[[99.63393, 64.81051, 95.49095, 23.96641, 90.40913, 11.15848, 77.36003, 4.862188, 51.18432, -4.069767, 24.62102, -4.095607, 15.31869, -1.037898, 15.36176, 5.47373, 4.379845, 6.223083, -6.274763, -8.445306, 95.16365, 95.04306, 87.15331, 72.76055], [97.5733, 75.94926, 97.93765, 43.8218, 94.34044, 33.73166, 84.74244, 21.46906, 68.34155, 9.111301, 37.70409, 3.045257, 31.3879, 3.058852, 33.05464, -0.1114782, 5.418927, 4.891445, -0.1114782, 1.207227, 95.97726, 95.67546, 93.30451, 81.62377]]"
O=C(NCCOc1ccccc1)c1cc(=O)[nH]c2ccccc12,BEN-DND-7e92b6ca-5,76388090,99.49999999999997,,"[99, 99]","[33.333335, 34.86276]","[-19.00086, -5.2245194999999995]","[0.8692829616148072, 0.6971808500018282]","[0.5350652776635751, 0.6857777132397477]","[[0.388, 0.194, 0.1, 0.05, 99.5, 49.8, 24.9, 12.4, 99.5, 7.46, 49.8, 2.49, 24.9, 1.55, 12.4, 0.776, 7.46, 0.388, 2.49, 0.194, 1.55, 0.1, 0.776, 0.05], [0.388, 0.194, 0.1, 0.05, 99.5, 49.8, 24.9, 12.4, 99.5, 7.46, 49.8, 2.49, 24.9, 1.55, 12.4, 0.776, 7.46, 0.388, 2.49, 0.194, 1.55, 0.1, 0.776, 0.05]]","[[-11.33075, -15.80965, -15.77519, -9.944014, 20.43497, 30.74505, 18.88458, 11.60637, 27.36003, 3.871662, 35.92162, 8.29888, 20.29716, -7.144702, 3.458225, -8.22136, -2.950043, -13.12231, -11.80448, -13.1137, -5.241171, -22.22653, -16.24892, -6.464255], [5.663635, 2.640129, 3.599929, 5.758799, 27.45626, 29.1964, 22.25485, 10.5442, 42.26926, 21.6322, 40.47745, 3.374254, 17.00178, -4.619546, 6.642467, 0.8292888, 8.55391, 27.7064, 0.02990878, -6.468453, -5.829493, -5.927376, -3.893579, -5.65004]]"
O=C(NCCNc1ccccc1)c1cc(=O)[nH]c2ccccc12,BEN-DND-7e92b6ca-4,76388089,99.49999999999997,,"[99, 99]","[41.00775, 44.73945500000001]","[-7.226528, -2.447082]","[1.8181934781179947, 0.8795436218628535]","[0.8244713718161718, 0.7617620892372786]","[[99.5, 7.46, 49.8, 2.49, 24.9, 1.55, 12.4, 0.776, 7.46, 0.388, 2.49, 0.194, 1.55, 0.1, 0.776, 0.05, 0.388, 0.194, 0.1, 0.05, 99.5, 49.8, 24.9, 12.4], [99.5, 7.46, 49.8, 2.49, 24.9, 1.55, 12.4, 0.776, 7.46, 0.388, 2.49, 0.194, 1.55, 0.1, 0.776, 0.05, 0.388, 0.194, 0.1, 0.05, 99.5, 49.8, 24.9, 12.4]]","[[42.41602, -3.596038, 19.58226, -10.81395, 5.223945, -15.66322, 2.4677, -7.437553, -4.336779, -6.998277, -1.847545, -1.244617, 1.210164, 0.3488372, 3.880275, 4.517657, -4.379845, 7.03273, -5.137812, -8.815676, 39.59948, 22.9242, 1.614987, -5.999138], [45.65711, 11.28648, 28.87556, 1.432902, 19.41352, 12.57528, 13.35019, 28.61998, 3.670623, -0.01903286, 4.755496, -2.112647, 0.6906208, -1.677611, -0.09788327, 0.2256753, 2.419892, 5.334638, -3.216553, -3.512922, 43.8218, 24.24242, 9.693163, 4.731025]]"
N#Cc1ccccc1S(=O)(=O)N1CCN(C(=O)c2cc(=O)[nH]c3cc(F)ccc23)CC1,MAT-POS-590ac91e-61,76390093,,,"[nan, nan]","[12.1403965, 16.695895]","[-13.496985, -7.046234500000001]","[nan, nan]","[nan, nan]","[[0.388, 0.194, 0.1, 0.05, 99.5, 49.8, 24.9, 12.4, 99.5, 7.46, 49.8, 2.49, 24.9, 1.55, 12.4, 0.776, 7.46, 0.388, 2.49, 0.194, 1.55, 0.1, 0.776, 0.05], [0.388, 0.194, 0.1, 0.05, 99.5, 49.8, 24.9, 12.4, 99.5, 7.46, 49.8, 2.49, 24.9, 1.55, 12.4, 0.776, 7.46, 0.388, 2.49, 0.194, 1.55, 0.1, 0.776, 0.05]]","[[-13.57881, -15.68045, -11.67528, -3.863049, 7.222222, 8.807063, 5.44789, 7.101636, 4.336779, -7.756244, 15.47373, 10.67614, 0.6589147, 0.4608096, -4.543497, 0.7192076, -11.236, -4.767442, -12.03704, -8.161068, -18.764, -15.31869, -26.77433, -8.807063], [5.394456, 2.365512, 11.42787, 4.861536, 3.657028, 2.648286, -11.37077, 0.663431, 5.190532, 1.451935, 9.565371, 20.85186, -2.721699, -6.226464, -3.559144, -4.535258, 27.82332, 8.203162, 12.53993, -7.67568, -6.052449, -5.753361, -4.15732, -3.387849]]"
COc1ccccc1OC(C)CNC(=O)c1cc(=O)[nH]c2cc(F)ccc12,MAT-POS-590ac91e-38,76390067,99.49999999999997,,"[99, 99]","[43.531435, 38.631265]","[-3.199828, -3.510203]","[1.0268002334227833, 0.6667255461839681]","[0.8387589975918193, 0.6985042087207929]","[[99.5, 7.46, 49.8, 2.49, 24.9, 1.55, 12.4, 0.776, 7.46, 0.388, 2.49, 0.194, 1.55, 0.1, 0.776, 0.05, 0.388, 0.194, 0.1, 0.05, 99.5, 49.8, 24.9, 12.4], [99.5, 7.46, 49.8, 2.49, 24.9, 1.55, 12.4, 0.776, 7.46, 0.388, 2.49, 0.194, 1.55, 0.1, 0.776, 0.05, 0.388, 0.194, 0.1, 0.05, 99.5, 49.8, 24.9, 12.4]]","[[49.25495, 0.5211025, 28.8329, -8.092162, 15.70629, -6.541774, 10.02153, 2.433247, 3.957795, 1.528854, 5.525409, 6.205857, 10.75366, 9.280792, 0.6933678, 0.7622739, -7.92851, 12.21792, 4.956933, 0.4952627, 37.80792, 32.50215, 13.79414, 12.78639], [42.72605, 12.14296, 36.23312, 7.730059, 22.62735, 7.161793, 23.72582, 5.310167, 4.516225, -3.502046, 10.72094, 10.44904, -2.844053, -2.156151, 2.226844, -1.9196, -2.205093, -0.7667523, 26.8037, -5.100806, 34.53648, 28.87285, 11.33815, 2.732575]]"
Cc1ccc(S(=O)(=O)N2CCN(C(=O)c3cc(=O)[nH]c4cc(F)ccc34)CC2)c(C)c1,MAT-POS-590ac91e-63,76390095,99.49999999999997,,"[99, 99]","[30.931034999999998, 25.102715]","[-10.0646555, -2.159088]","[1.426265380590788, 0.8757435542005069]","[0.6400578089264038, 0.864299753302746]","[[99.5, 7.46, 49.8, 2.49, 24.9, 1.55, 12.4, 0.776, 7.46, 0.388, 2.49, 0.194, 1.55, 0.1, 0.776, 0.05, 0.388, 0.194, 0.1, 0.05, 99.5, 49.8, 24.9, 12.4], [99.5, 7.46, 49.8, 2.49, 24.9, 1.55, 12.4, 0.776, 7.46, 0.388, 2.49, 0.194, 1.55, 0.1, 0.776, 0.05, 0.388, 0.194, 0.1, 0.05, 99.5, 49.8, 24.9, 12.4]]","[[37.87931, -0.9224138, 19.17241, -5.456896, 6.543103, -8.637931, 8.146552, 2.465517, -3.37069, -5.017241, 3.956897, 3.267241, 3.310345, 3.810345, -3.689655, -0.3448276, -15.11207, 7.413793, 18.66379, -1.637931, 23.98276, 17.05172, 6.758621, -10.7069], [29.12323, 6.031471, 23.49143, 2.730652, 9.701221, 3.90173, 8.326113, 6.984544, 1.830683, -1.623858, -1.397468, -1.928506, -2.009559, -1.931301, -0.6568099, -2.325387, -2.694318, -0.1956455, -2.356131, -1.612678, 21.0822, 12.89583, 6.660332, 1.397468]]"
CC1(C)Cc2cccc(OCCNC(=O)c3cc(=O)[nH]c4cc(F)ccc34)c2O1,MAT-POS-590ac91e-46,76390076,99.49999999999997,,"[99, 99]","[39.42672, 40.8941]","[-11.68103205, -3.0702365]","[0.8415083876642199, 0.7125482274801324]","[0.7609805283954288, 0.8623107304636609]","[[0.388, 0.194, 0.1, 0.05, 99.5, 49.8, 24.9, 12.4, 99.5, 7.46, 49.8, 2.49, 24.9, 1.55, 12.4, 0.776, 7.46, 0.388, 2.49, 0.194, 1.55, 0.1, 0.776, 0.05], [0.388, 0.194, 0.1, 0.05, 99.5, 49.8, 24.9, 12.4, 99.5, 7.46, 49.8, 2.49, 24.9, 1.55, 12.4, 0.776, 7.46, 0.388, 2.49, 0.194, 1.55, 0.1, 0.776, 0.05]]","[[-1.439655, -10.47414, -9.836206, 0.1982759, 38.36207, 37.0431, 33.82759, 20.15517, 39.86207, 4.405172, 41.81034, 9.939655, 31.31897, -4.301724, 15.62069, -5.353448, 5.413793, -9.25, -1.448276, -11.08621, -11.9569, -3.913793, -15.15517, -23.56034], [3.149892, 2.543391, 3.915705, 3.323179, 38.34931, 42.52494, 42.11968, 22.28961, 40.14366, 12.16915, 39.26326, 3.625031, 31.3452, -3.342743, 17.55499, 4.239917, 7.364655, -3.012941, -2.596495, -7.543531, -2.79773, -6.50661, -1.143129, -3.910115]]"
COc1ccccc1OCC(C)NC(=O)c1cc(=O)[nH]c2cc(F)ccc12,MAT-POS-590ac91e-40,76390070,32.97414669860779,4.481826434261687,"[40.478017285169514, 26.861353974955556]","[57.172415, 61.392154999999995]","[-5.7456890000000005, -2.6272395000000004]","[0.755002293212413, 0.6963805786756877]","[0.9045570826154774, 0.9375148801395695]","[[99.5, 7.46, 49.8, 2.49, 24.9, 1.55, 12.4, 0.776, 7.46, 0.388, 2.49, 0.194, 1.55, 0.1, 0.776, 0.05, 0.388, 0.194, 0.1, 0.05, 99.5, 49.8, 24.9, 12.4], [99.5, 7.46, 49.8, 2.49, 24.9, 1.55, 12.4, 0.776, 7.46, 0.388, 2.49, 0.194, 1.55, 0.1, 0.776, 0.05, 0.388, 0.194, 0.1, 0.05, 99.5, 49.8, 24.9, 12.4]]","[[56.94828, 24.35345, 61.76724, 0.6465517, 50.82759, -5.560345, 38.68103, -1.534483, 21.41379, 10.18966, 8.905172, -2.801724, 8.103448, -2.405172, 7.353448, 3.37931, -5.474138, 7.474138, -9.086206, -11.03448, 54.85345, 52.57759, 44.51724, 28.76724], [62.13701, 30.32226, 64.26395, 9.796249, 60.14143, 11.61855, 44.65748, 4.76816, 27.21988, -3.02412, 17.97703, 0.4220353, 9.374214, 0.609296, 2.344951, 3.507644, 0.1956455, 2.769781, -5.863775, -4.578104, 55.09657, 58.52036, 56.37385, 40.20794]]"
COc1ccccc1OCCNC(=O)c1cc(=O)[nH]c2cc(F)ccc12,MAT-POS-590ac91e-32,76390061,99.49999999999997,,"[99, 99]","[35.331895, 31.61072]","[-26.163790000000002, -2.6957155]","[0.9247199485838968, 0.6184061063651415]","[0.49014889874955503, 0.7585059902524895]","[[0.388, 0.194, 0.1, 0.05, 99.5, 49.8, 24.9, 12.4, 99.5, 7.46, 49.8, 2.49, 24.9, 1.55, 12.4, 0.776, 7.46, 0.388, 2.49, 0.194, 1.55, 0.1, 0.776, 0.05], [0.388, 0.194, 0.1, 0.05, 99.5, 49.8, 24.9, 12.4, 99.5, 7.46, 49.8, 2.49, 24.9, 1.55, 12.4, 0.776, 7.46, 0.388, 2.49, 0.194, 1.55, 0.1, 0.776, 0.05]]","[[-12.10345, -12.53448, -18.52586, -7.896552, 27.7069, 33.75862, 27.40517, 20.56897, 37.30172, 7.405172, 36.90517, 8.336206, 25.84483, -6.767241, 13.82759, -9.198276, -3.37069, -15.74138, -12.21552, -13.93966, -32.87069, -33.80172, -26.2069, -22.09483], [3.957629, 5.100758, 14.06412, 4.181224, 32.15574, 28.20929, 33.91654, 18.44658, 27.23385, 11.39775, 32.69236, 2.8145, 29.3049, -4.675927, 15.43922, -3.015736, 5.083988, -5.5731020000000004, -4.854803, -5.123117, 4.105761, -5.00573, -2.375695, -4.368484]]"
Cc1ccncc1NC(=O)Cc1cccc(F)c1,ALP-POS-95b75b4d-1,76346376,95.8330784284157,4.018484560865628,"[96.8711867033273, 94.80609491440698]","[48.724135000000004, 52.342155000000005]","[-8.89655295, -4.056849]","[1.7428500714943451, 0.8793720373668409]","[0.8061906960459866, 0.6679001036521106]","[[99.5, 7.46, 49.8, 2.49, 24.9, 1.55, 12.4, 0.776, 7.46, 0.388, 2.49, 0.194, 1.55, 0.1, 0.776, 0.05, 0.388, 0.194, 0.1, 0.05, 99.5, 49.8, 24.9, 12.4], [99.5, 7.46, 49.8, 2.49, 24.9, 1.55, 12.4, 0.776, 7.46, 0.388, 2.49, 0.194, 1.55, 0.1, 0.776, 0.05, 0.388, 0.194, 0.1, 0.05, 99.5, 49.8, 24.9, 12.4]]","[[53.03448, -9.775862, 30.9569, -13.78448, 10.39655, -17.34483, 8.362069, -7.241379, -3.663793, -12.66379, -1.62931, -4.413793, -0.4482759, -3.689655, 5.094828, 6.87931, -0.4224138, 5.758621, -12.0431, -6.982759, 44.41379, 27.55172, 0.4482759, -3.87931], [55.31457, 17.14134, 39.43654, 5.047654, 30.14058, 7.19137, 16.04014, 5.044859, 4.849213, -0.5394226, -2.987786, 46.6866, -2.504262, -1.168283, 0.9279186, -0.6791694, -0.6679896, 0.1145924, -6.945415, 5.701669, 49.36974, 31.63308, 14.18709, 12.42628]]"
O=C(CCl)N1CCN(C(c2ccccc2)C2CCOCC2)CC1,GIA-UNK-20b63697-2,75709411,20.726390543875027,4.683476322766921,"[28.40297726364722, 15.124585742884534]","[79.53017, 89.06481500000001]","[-25.728445, -0.5687694999999999]","[1.3023367521744234, 1.1670957659201673]","[0.8546189729949718, 0.9209009113760763]","[[0.388, 0.194, 0.1, 0.05, 99.5, 49.8, 24.9, 12.4, 99.5, 7.46, 49.8, 2.49, 24.9, 1.55, 12.4, 0.776, 7.46, 0.388, 2.49, 0.194, 1.55, 0.1, 0.776, 0.05], [0.388, 0.194, 0.1, 0.05, 99.5, 49.8, 24.9, 12.4, 99.5, 7.46, 49.8, 2.49, 24.9, 1.55, 12.4, 0.776, 7.46, 0.388, 2.49, 0.194, 1.55, 0.1, 0.776, 0.05]]","[[-9.051724, -19.9569, -20.0431, -9.827586, 80.93965, 67.34483, 48.41379, 35.14655, 78.12069, 20.11207, 66.12931, 11.37069, 44.90517, -6.310345, 26.19828, -11.46552, 9.068966, -18.73276, -5.232759, -16.33621, -6.982759, -31.41379, -16.23276, -24.13793], [2.683138, 4.533386, 6.828028, 3.778753, 88.82585, 79.9631, 66.75145, 48.29928, 89.30378, 32.59174, 79.82616, 13.56382, 62.61774, 3.862601, 42.23707, 0.3409821, 26.83977, -3.820677, 7.19137, -3.661366, 3.404232, -3.365103, 13.55264, 39.94522]]"
Cc1ccncc1NC(=O)C(C)(C)c1cccc(Cl)c1,JAN-GHE-83b26c96-22,76346453,96.9383202483582,4.013504510022682,"[95.81098673002681, 98.07891822523378]","[49.11207, 52.866209999999995]","[-11.5603425, -2.9444644500000003]","[1.744850621940716, 0.5912350201708094]","[0.7324373458759215, 0.628261732269572]","[[99.5, 7.46, 49.8, 2.49, 24.9, 1.55, 12.4, 0.776, 7.46, 0.388, 2.49, 0.194, 1.55, 0.1, 0.776, 0.05, 0.388, 0.194, 0.1, 0.05, 99.5, 49.8, 24.9, 12.4], [99.5, 7.46, 49.8, 2.49, 24.9, 1.55, 12.4, 0.776, 7.46, 0.388, 2.49, 0.194, 1.55, 0.1, 0.776, 0.05, 0.388, 0.194, 0.1, 0.05, 99.5, 49.8, 24.9, 12.4]]","[[52.90517, -1.008621, 29.62931, -16.78448, 9.646552, -19.68103, 4.474138, -12.12931, -7.189655, -19.43966, -5.267241, -8.293103, -3.439655, -6.827586, 3.75, 3.068965, 2.551724, 1.258621, -13.94828, -22.53448, 45.31897, 29.84483, 1.336207, -1.939655], [56.16703, 9.966741, 39.13469, 7.716817, 32.11381, 35.65779, 15.29948, 1.853042, 6.990134, 0.5729618, 1.159898, -2.314207, 0.5506023, -0.9167389, 1.93689, 0.1257721, -1.428212, 22.11353, -4.97219, -4.491461, 49.56539, 33.01657, 17.74225, 64.16334]]"
CCCC(C(=O)Nc1cnccc1C)c1cccc(Cl)c1,JAN-GHE-83b26c96-8,76346462,17.31034561223188,4.761694261068178,"[17.88260419046654, 16.756399796326196]","[84.607755, 85.892565]","[-26.560344999999998, -0.5506025000000001]","[1.2925529143979408, 1.1261541929994148]","[0.8735433139497769, 0.979271944358691]","[[0.388, 0.194, 0.1, 0.05, 99.5, 49.8, 24.9, 12.4, 99.5, 7.46, 49.8, 2.49, 24.9, 1.55, 12.4, 0.776, 7.46, 0.388, 2.49, 0.194, 1.55, 0.1, 0.776, 0.05], [0.388, 0.194, 0.1, 0.05, 99.5, 49.8, 24.9, 12.4, 99.5, 7.46, 49.8, 2.49, 24.9, 1.55, 12.4, 0.776, 7.46, 0.388, 2.49, 0.194, 1.55, 0.1, 0.776, 0.05]]","[[-12.91379, -18.0431, -21.62069, -13.09483, 84.14655, 74.68965, 60.36207, 47.34483, 85.06896, 33.93103, 76.81034, 16.53448, 58.26724, -1.198276, 41.81034, -5.086207, 23.00862, -15.19828, -1.465517, -17.34483, -17.5, -31.5, -13.33621, -23.49138], [4.611644, 6.059421, 10.38319, 8.049415, 84.79555, 75.9915, 62.07832, 44.65189, 86.98958, 31.43185, 78.21627, 13.05514, 60.48241, 6.509405, 43.45845, 1.422622, 23.402, -3.580312, 8.161212, -6.735795, 4.175634, -4.877162, -0.4695492, -9.15062]]"
O=C(CCl)N1CCN(C2(c3cccc(Cl)c3)CC2)CC1,MED-COV-4280ac29-12,75710860,52.26108658378607,4.281821564902672,"[64.94147598501083, 42.05665377159549]","[63.293105, 69.30881500000001]","[-19.504312, -2.966824]","[1.6287890254100952, 0.8666010632388643]","[0.8241857926727552, 0.8136386813968406]","[[99.5, 7.46, 49.8, 2.49, 24.9, 1.55, 12.4, 0.776, 7.46, 0.388, 2.49, 0.194, 1.55, 0.1, 0.776, 0.05, 0.388, 0.194, 0.1, 0.05, 99.5, 49.8, 24.9, 12.4], [99.5, 7.46, 49.8, 2.49, 24.9, 1.55, 12.4, 0.776, 7.46, 0.388, 2.49, 0.194, 1.55, 0.1, 0.776, 0.05, 0.388, 0.194, 0.1, 0.05, 99.5, 49.8, 24.9, 12.4]]","[[66.38793, -0.9137931, 44.81034, -16.94828, 22.68103, -19.69828, 11.06897, -12.19828, -0.3793103, -12.26724, -1.258621, -6.482759, -0.1810345, -1.887931, 2.181035, -30.33621, -2.862069, 3.741379, -11.09483, -8.672414, 60.19828, 41.4569, 14.68103, -3.905172], [73.15465, 21.37846, 58.85016, 7.509992, 42.00788, 8.194751, 27.06057, 9.835379, 15.41407, 18.41862, 2.3729, 1.419827, 2.998966, -1.335979, 11.13502, 40.30297, -1.771989, -0.1676961, -4.597669, 2.915118, 65.46298, 51.23117, 32.77341, 19.20121]]"
Cc1cccc(C2CN(C(=O)CCl)Cc3ccccc32)c1,NIR-THE-c331be7a-6,75711134,2.0041245685457474,5.698075287919214,[2.0041245685457474],[99.09322],[0.20273500000000022],[1.3126019406820624],[0.9908858995029927],"[[0.396, 0.02, 0.099, 0.02, 99.03, 49.52, 24.76, 12.38, 99.03, 7.428, 49.52, 2.476, 24.76, 1.545, 12.38, 0.772, 7.428, 0.396, 2.476, 0.02, 1.545, 0.099, 0.772, 0.02]]","[[18.91518, 6.375097, 12.20649, 2.257731, 98.8186, 98.88127, 97.44738, 93.54381, 99.36784, 85.13952, 98.78175, 55.09049, 97.35892, 37.96859, 93.65807, 22.53861, 86.84618, 5.623134, 56.63496, -3.628958, 40.15445, -4.321943, 25.6423, -4.19293]]"
C=CC(=O)N(c1ccc(C(C)(C)C)cc1)C(C(=O)NCCc1cccc(F)c1)c1cncc(Cl)c1,LON-WEI-babf2c61-1,77089725,11.479769015703447,4.940066850284266,[11.479769015703447],[71.489915],[-8.5425205],[0.7984891052728652],[0.9459719413618575],"[[99.03, 7.428, 49.52, 2.476, 24.76, 1.545, 12.38, 0.772, 7.428, 0.396, 2.476, 0.02, 1.545, 0.099, 0.772, 0.02, 0.396, 0.02, 0.099, 0.02, 99.03, 49.52, 24.76, 12.38]]","[[72.47042, 40.55623, 72.20133, 25.76763, 70.17398, 15.73777, 63.32154, 8.479856, 53.07051, 1.000774, 18.39176, -1.605293, 10.41874, -6.880091, 5.460946, -0.9233661, -2.814332, 1.417302, -10.20495, -5.92908, 70.50941, 70.19978, 66.93022, 56.67183]]"
C=CC(=O)N(c1ccc(C(F)(F)F)cc1)C(C(=O)NCCc1cccc(F)c1)c1cncc(Cl)c1,LON-WEI-babf2c61-5,77089734,23.92150564446178,4.621211488876659,[23.921505644461778],[83.69087999999999],[-4.627889],[1.1012761390161814],[0.9767783628367553],"[[0.396, 0.02, 0.099, 0.02, 99.03, 49.52, 24.76, 12.38, 99.03, 7.428, 49.52, 2.476, 24.76, 1.545, 12.38, 0.772, 7.428, 0.396, 2.476, 0.02, 1.545, 0.099, 0.772, 0.02]]","[[3.256663, 7.097571, -1.903867, 0.8127834, 87.74927, 63.08931, 52.60607, 37.58524, 79.63249, 21.25585, 66.35519, 12.50138, 52.14162, -2.125032, 35.81223, 0.8975635, 19.54919, -3.278779, 4.251907, -5.545726, -2.442036, -7.351911, 4.532051, -7.149176]]"
C=CC(=O)N(c1ccc(C(C)(C)C)cc1)C(C(=O)NCCc1cccc(F)c1)c1cncc(C)c1,LON-WEI-babf2c61-2,77089727,11.618053988196795,4.93486660972229,[11.618053988196797],[87.200045],[-2.1268755],[0.9328686954144861],[0.9290311303628697],"[[99.03, 7.428, 49.52, 2.476, 24.76, 1.545, 12.38, 0.772, 7.428, 0.396, 2.476, 0.02, 1.545, 0.099, 0.772, 0.02, 0.396, 0.02, 0.099, 0.02, 99.03, 49.52, 24.76, 12.38]]","[[87.95569, 40.90273, 84.4023, 22.19212, 69.95282, 11.85632, 55.6987, 9.143352, 36.78167, 41.96063, 12.41292, 4.045486, 9.253935, 2.954403, 3.798518, -2.272476, -1.432047, 2.073427, -7.208154, -2.41992, 86.4444, 81.52715, 64.43105, 45.05326]]"
C=CC(=O)N(c1ccc(C(F)(F)F)cc1)C(C(=O)NCCc1cccc(F)c1)c1cncc(C)c1,LON-WEI-babf2c61-6,77089735,24.30920597347362,4.614229226552416,[24.309205973473624],[80.235175],[-1.78406855],[1.1046330777528695],[0.9885201414311592],"[[0.396, 0.02, 0.099, 0.02, 99.03, 49.52, 24.76, 12.38, 99.03, 7.428, 49.52, 2.476, 24.76, 1.545, 12.38, 0.772, 7.428, 0.396, 2.476, 0.02, 1.545, 0.099, 0.772, 0.02]]","[[3.219802, 5.803752, -0.5252681, 0.8312138, 78.79207, 67.21037, 53.77824, 35.8196, 81.67828, 21.21899, 70.47624, 10.70625, 49.30333, 3.072358, 32.35836, -0.9417966, 17.84622, -5.56047, 6.09864, -5.424085, 3.547864, -3.042869, -1.774853, -2.235615]]"
COc1ccccc1OCC(C)NC(=O)c1cc(=O)[nH]c2ccc(F)cc12,MAT-POS-590ac91e-41,76390071,16.441390706958302,4.784061450128491,[16.441390706958305],[74.464595],[-3.7376975000000003],[0.6892138653573753],[0.8435393677243486],"[[99.03, 7.428, 49.52, 2.476, 24.76, 1.545, 12.38, 0.772, 7.428, 0.396, 2.476, 0.02, 1.545, 0.099, 0.772, 0.02, 0.396, 0.02, 0.099, 0.02, 99.03, 49.52, 24.76, 12.38]]","[[62.776, 38.24874, 77.22916, 19.64872, 67.56055, 12.59353, 53.45387, 8.372959, 39.73055, 3.241918, 16.93944, -2.681632, 7.569391, -1.303034, 3.695307, -1.369383, 6.986988, 23.33112, -6.172361, 27.72863, 53.37646, 71.70003, 64.11404, 46.90737]]"
O=C(Cc1cccc(Cl)c1)Nn1cnc2ccccc21,JAN-GHE-5a013bed-2,76346430,8.303468024158425,5.080740482421092,[8.303468024158425],[94.81551],[-1.3749125],[1.0822193661471466],[0.9895588419462417],"[[0.396, 0.02, 0.099, 0.02, 99.03, 49.52, 24.76, 12.38, 99.03, 7.428, 49.52, 2.476, 24.76, 1.545, 12.38, 0.772, 7.428, 0.396, 2.476, 0.02, 1.545, 0.099, 0.772, 0.02]]","[[10.26024, 6.345608, 2.5047, 3.050241, 93.05356, 87.70504, 76.3961, 61.94662, 96.57746, 49.67194, 89.70659, 27.65859, 73.2187, 14.0348, 58.58491, 0.1087397, 44.55564, 4.347746, 18.26643, -5.177117, 14.14907, -5.254525, 5.877474, 2.331453]]"
Cc1nnn(NC(=O)Cc2cccc(Cl)c2)c1C,JAN-GHE-5a013bed-1,76346427,14.162565202838712,4.848858077681565,[14.162565202838712],[90.3535],[-0.9961664100000001],[1.0774039810581555],[0.9655899804029296],"[[99.03, 7.428, 49.52, 2.476, 24.76, 1.545, 12.38, 0.772, 7.428, 0.396, 2.476, 0.02, 1.545, 0.099, 0.772, 0.02, 0.396, 0.02, 0.099, 0.02, 99.03, 49.52, 24.76, 12.38]]","[[91.61967, 35.16348, 82.89838, 17.32648, 63.59062, 12.50138, 60.98455, 8.892697, 28.65384, 2.073427, 10.86476, 0.09399536, 4.414095, 18.53183, -2.102916, -4.030742, 0.2746139, 1.959158, -3.581039, -2.007077, 89.08733, 78.57458, 58.49276, 37.34196]]"
O=C(Cc1cccc(Cl)c1)Nn1cnc2ccccc2c1=O,JAN-GHE-5a013bed-3,76346431,8.645464173907452,5.063211684546805,[8.645464173907452],[93.053555],[0.7519634999999999],[1.0883684329060996],[0.9856982297364125],"[[0.396, 0.02, 0.099, 0.02, 99.03, 49.52, 24.76, 12.38, 99.03, 7.428, 49.52, 2.476, 24.76, 1.545, 12.38, 0.772, 7.428, 0.396, 2.476, 0.02, 1.545, 0.099, 0.772, 0.02]]","[[11.91898, 10.81684, 6.857975, 3.599469, 91.9809, 85.85831, 75.83582, 59.11571, 94.12621, 48.37443, 88.28744, 23.55966, 75.77316, 12.3908, 61.24627, 6.080209, 43.45718, 0.4920933, 16.64824, -9.552508, 10.92005, -3.625272, 8.188654, -1.855947]]"
Cc1ccncc1NC(=O)CC(C)C(C)C,MAT-POS-590ac91e-11,76390038,99.03000000000002,,[99],[8.9350875],[-3.072358],[0.3991481484609604],[0.22952041963371017],"[[99.03, 7.428, 49.52, 2.476, 24.76, 1.545, 12.38, 0.772, 7.428, 0.396, 2.476, 0.02, 1.545, 0.099, 0.772, 0.02, 0.396, 0.02, 0.099, 0.02, 99.03, 49.52, 24.76, 12.38]]","[[14.26702, 7.694718, 10.95322, 10.93848, 5.615762, 1.232998, 4.314571, 4.307199, -1.889122, 2.821704, 0.03501788, -1.962844, 7.982233, -1.446791, -0.8680747, 0.8975635, 0.5473847, 2.777471, -4.697925, -5.951196, 3.603155, -0.3225331, -0.7095728, -2.932287]]"
O=C(Cc1cccc(Cl)c1)Nc1nnn[nH]1,JAN-GHE-5a013bed-11,76346429,45.286709431222555,4.344029234357449,[45.28670943122255],[72.42987],[-1.24589945],[1.2600683029846602],[0.9632602492618444],"[[0.396, 0.02, 0.099, 0.02, 99.03, 49.52, 24.76, 12.38, 99.03, 7.428, 49.52, 2.476, 24.76, 1.545, 12.38, 0.772, 7.428, 0.396, 2.476, 0.02, 1.545, 0.099, 0.772, 0.02]]","[[13.62564, 9.644661, 5.578901, 0.8754469, 70.86697, 52.17848, 30.62958, 17.06845, 73.99277, 11.34764, 57.02938, 7.915883, 27.37108, -1.538944, 18.54289, -2.965461, 8.306609, -4.270338, -0.2045781, -4.68318, -0.9528549, -3.179255, 2.324081, -2.69269]]"
COc1cc(Cl)cc(OC(=O)Nc2cccnc2)c1,AGN-NEW-891393a6-1,75708175,6.650049500718334,5.177175121943691,[6.650049500718334],[93.40005],[-0.6616535000000001],[1.0361453563472653],[0.9760626332837201],"[[99.03, 7.428, 49.52, 2.476, 24.76, 1.545, 12.38, 0.772, 7.428, 0.396, 2.476, 0.02, 1.545, 0.099, 0.772, 0.02, 0.396, 0.02, 0.099, 0.02, 99.03, 49.52, 24.76, 12.38]]","[[93.56961, 58.14995, 87.55022, 31.58797, 79.35604, 18.95573, 68.95389, 6.135501, 53.50916, 4.686866, 24.65443, 2.298279, 9.983781, 22.53861, 10.44454, -2.043938, 0.997088, 1.970216, -4.963323, -4.871171, 93.23049, 87.81562, 75.77316, 63.10406]]"
O=C(CCl)N1CCC(c2nc(-c3cccnc3)nc3ccccc23)CC1,WAR-XCH-b0339bbe-19,75711908,18.175217572366563,4.740520381574143,[18.175217572366563],[89.046895],[-11.085854999999999],[1.1801746747912052],[0.9726974157844244],"[[99.03, 7.428, 49.52, 2.476, 24.76, 1.545, 12.38, 0.772, 7.428, 0.396, 2.476, 0.02, 1.545, 0.099, 0.772, 0.02, 0.396, 0.02, 0.099, 0.02, 99.03, 49.52, 24.76, 12.38]]","[[91.75289, 31.56995, 80.6525, 13.42087, 62.55433, 3.775301, 45.09629, 6.641328, 24.24485, -1.978577, 10.75124, -1.520304, -0.9129099, -8.05252, 2.7751, 0.1163869, -4.673662, -1.654876, -14.11919, -5.877539, 86.3409, 75.67696, 49.63174, 31.34081]]"
Cc1cccc(CC2CCN(C(=O)CCl)CC2)c1,MAK-UNK-af83ef51-6,75710652,14.724751238932003,4.831952033482913,[14.724751238932004],[94.306135],[-6.8468255],[1.413141647201265],[0.982050939618341],"[[0.396, 0.02, 0.099, 0.02, 99.03, 49.52, 24.76, 12.38, 99.03, 7.428, 49.52, 2.476, 24.76, 1.545, 12.38, 0.772, 7.428, 0.396, 2.476, 0.02, 1.545, 0.099, 0.772, 0.02]]","[[4.546364, 8.674462, -1.123861, 1.862191, 93.75694, 83.18755, 62.75801, 50.40644, 94.85533, 30.04965, 85.35889, 11.62778, 67.8172, -2.520504, 42.30664, -1.88765, 25.34325, -2.164069, 9.416429, -5.397443, -4.466348, -12.56979, 0.1964029, -3.771663]]"
C=CC(=O)N(c1ccc(C(F)(F)F)cc1)C(C(=O)NCCc1cccc(F)c1)c1cccnc1,LON-WEI-babf2c61-9,77089741,20.12026643680137,4.696366272559128,[20.120266436801366],[90.39262500000001],[-11.565949499999999],[1.291328638174969],[0.9221611424566328],"[[99.03, 7.428, 49.52, 2.476, 24.76, 1.545, 12.38, 0.772, 7.428, 0.396, 2.476, 0.02, 1.545, 0.099, 0.772, 0.02, 0.396, 0.02, 0.099, 0.02, 99.03, 49.52, 24.76, 12.38]]","[[90.87636, 26.83809, 76.98267, 13.83913, 57.1678, 1.345724, 37.63662, 6.583135, 17.8072, 9.740129, 6.150321, -1.102039, -6.979578, -8.790849, 0.4619105, 35.00336, -3.771663, 3.02606, -14.34105, -5.175581, 89.90889, 73.73111, 55.02191, 31.66088]]"
CC(=O)NCCc1c[nH]c2c(CN3CCN(C(=O)CCl)CC3)cccc12,DUN-NEW-f8ce3686-24,75709255,17.360829751983612,4.760429521780716,[17.360829751983612],[88.35585],[-8.3762225],[1.2999481315561574],[0.9700235260147011],"[[0.396, 0.02, 0.099, 0.02, 99.03, 49.52, 24.76, 12.38, 99.03, 7.428, 49.52, 2.476, 24.76, 1.545, 12.38, 0.772, 7.428, 0.396, 2.476, 0.02, 1.545, 0.099, 0.772, 0.02]]","[[4.491807, 8.459874, -3.018785, 1.578498, 85.74805, 71.66525, 60.89218, 42.72491, 90.96365, 25.4269, 78.99034, 11.20588, 66.24961, -6.484933, 42.02295, -0.9347324, 24.60492, -9.121824, 4.830057, -7.492407, -4.317227, -13.73366, -2.636891, -2.058594]]"
O=C(NCc1ccc(Cl)cc1CN1CCN(C(=O)CCl)CC1)[C@@H]1CCCOC1,STU-CHA-7b3b91d5-1,75711665,12.113238680688609,4.9167397253042155,[12.113238680688609],[87.92122],[-9.072725],[1.0265014622383792],[0.9803296893341596],"[[99.03, 7.428, 49.52, 2.476, 24.76, 1.545, 12.38, 0.772, 7.428, 0.396, 2.476, 0.02, 1.545, 0.099, 0.772, 0.02, 0.396, 0.02, 0.099, 0.02, 99.03, 49.52, 24.76, 12.38]]","[[89.23239, 40.86999, 82.8202, 21.95712, 69.82124, 12.86803, 55.64022, 8.845406, 37.44022, -1.072942, 16.25052, -2.171343, 3.233374, -4.88825, 4.095365, -3.88805, -1.51303, -3.182455, -13.2572, -6.965029, 86.61005, 79.12128, 63.48179, 45.91827]]"
NS(=O)(=O)c1ccc2c(c1)CN(CC1CCN(C(=O)CCl)CC1)CC2,STU-CHA-83dacf15-1,75711668,19.540065638940796,4.709073981733832,[19.5400656389408],[85.822625],[-3.8298574999999997],[1.2116921959868872],[0.9722201149591301],"[[0.396, 0.02, 0.099, 0.02, 99.03, 49.52, 24.76, 12.38, 99.03, 7.428, 49.52, 2.476, 24.76, 1.545, 12.38, 0.772, 7.428, 0.396, 2.476, 0.02, 1.545, 0.099, 0.772, 0.02]]","[[4.262671, 4.051719, 5.382895, 0.4182655, 86.58096, 75.17139, 57.96432, 41.87746, 85.06429, 27.91831, 75.60057, 12.28246, 53.31248, -3.775301, 36.60005, -3.858953, 22.62271, -8.801761, 6.386732, -6.994126, -3.266108, -13.04261, -0.9056357, -7.328738]]"
CC(NC(=O)CCl)c1cc(Cl)cc(-c2ccc(S(N)(=O)=O)cc2)c1,DAV-CRI-14a23e73-1,75709006,0.46574984611393666,6.331847279924751,[0.46574984611393666],[98.598675],[-5.185450000000001],[1.2722069839942218],[0.9515989589492331],"[[0.396, 0.02, 0.099, 0.02, 99.0, 49.5, 24.8, 12.4, 99.0, 7.43, 49.5, 2.48, 24.8, 1.55, 12.4, 0.773, 7.43, 0.396, 2.48, 0.02, 1.55, 0.099, 0.773, 0.02]]","[[45.17044, 10.92699, 21.09214, 14.0188, 99.06578, 97.98698, 98.80999, 96.21865, 98.00923, 98.87672, 99.21037, 83.31758, 98.13157, 87.14341, 97.57549, 61.04098, 95.91837, 41.74498, 87.36584, -33.43713, 88.50025, 13.96319, 66.64628, -12.25046]]"
CCOC(=O)c1nc(S(C)(=O)=O)ncc1Cl,LON-WEI-ff7b210a-5,77312258,1.600983765922041,5.7956130718322445,[1.600983765922041],[98.12601000000001],[-39.987767],[3.323486082553442],[0.807148963232063],"[[99.0, 7.43, 49.5, 2.48, 24.8, 1.55, 12.4, 0.773, 7.43, 0.396, 2.48, 0.02, 1.55, 0.099, 0.773, 0.02, 0.396, 0.02, 0.099, 0.02, 99.0, 49.5, 24.8, 12.4]]","[[97.76456, 98.1983, 98.56532, 79.881, 97.43091, 61.86398, 98.89896, -5.92226, 93.78302, 3.275316, 59.63966, -8.847244, 53.65623, 17.59995, 10.08174, 11.43858, -83.25085, -17.85575, -76.07741, 1.340155, 96.63015, 95.66257, 97.84241, 97.35306]]"
CS(=O)(=O)c1ncc(Cl)c(C(=O)Nc2ccccc2Cc2ccccc2)n1,LON-WEI-ff7b210a-4,77312257,0.46862286441185175,6.32917652571419,[0.46862286441185175],[98.85446999999999],[-9.00850775],[1.804296635736932],[0.9158716772258169],"[[0.396, 0.02, 0.099, 0.02, 99.0, 49.5, 24.8, 12.4, 99.0, 7.43, 49.5, 2.48, 24.8, 1.55, 12.4, 0.773, 7.43, 0.396, 2.48, 0.02, 1.55, 0.099, 0.773, 0.02]]","[[43.0907, 1.217817, -9.770339, 13.42935, 97.65334, 97.57549, 97.61997, 99.3327, 93.30479, 98.67653, 96.17416, 90.01279, 97.58661, 93.04899, 98.37624, 74.89851, 98.55419, 49.96386, 94.35022, -56.95935, 80.81522, 6.723016, 66.05683, 6.278152]]"
N#Cc1cccc(C2CN(C(=O)CCl)Cc3ccccc32)c1,NIR-THE-c331be7a-2,75711132,1.172090118878279,5.931038995291563,[1.172090118878279],[98.83779000000001],[1.6960462500000002],[1.4774098538278455],[0.9644712083509901],"[[99.0, 7.43, 49.5, 2.48, 24.8, 1.55, 12.4, 0.773, 7.43, 0.396, 2.48, 0.02, 1.55, 0.099, 0.773, 0.02, 0.396, 0.02, 0.099, 0.02, 99.0, 49.5, 24.8, 12.4]]","[[97.86465, 98.07596, 99.38831, 65.08925, 98.43185, 72.54073, 98.5097, 8.357894, 94.93967, 22.0486, 70.37202, 7.757326, 67.64722, 2.96391, 46.76083, 2.430073, 18.50081, 6.022355, 5.900017, -9.425569, 99.13251, 98.28727, 98.354, 98.34288]]"
COCCc1ccc(Cl)cc1CN1CCN(C(=O)CCl)CC1,MED-COV-4280ac29-37,75710886,2.202278902456077,5.657127681673307,[2.202278902456077],[98.66540499999999],[-10.8546955],[1.5914087426405044],[0.971833928583195],"[[0.396, 0.02, 0.099, 0.02, 99.0, 49.5, 24.8, 12.4, 99.0, 7.43, 49.5, 2.48, 24.8, 1.55, 12.4, 0.773, 7.43, 0.396, 2.48, 0.02, 1.55, 0.099, 0.773, 0.02]]","[[5.544125, -13.12907, 3.920369, 3.041762, 97.16399, 97.41978, 99.2326, 95.76266, 98.15381, 93.27142, 97.6311, 40.9331, 98.09821, 44.88128, 96.49669, 17.34416, 90.19073, 3.03064, 50.30862, 1.184452, 40.1101, -25.62976, 20.83635, 3.942612]]"
COc1ccc2c(c1)CN(C(=O)CCl)C(c1ccccc1)C2,NAU-LAT-64f4b287-4,76388320,3.7391051418123804,5.427232322525127,[3.7391051418123804],[99.01017],[-4.009342999999999],[1.5548801433029573],[0.9560445501032405],"[[99.0, 7.43, 49.5, 2.48, 24.8, 1.55, 12.4, 0.773, 7.43, 0.396, 2.48, 0.02, 1.55, 0.099, 0.773, 0.02, 0.396, 0.02, 0.099, 0.02, 99.0, 49.5, 24.8, 12.4]]","[[98.16493, 79.881, 99.2326, 37.174, 98.15381, 41.98966, 92.24824, 15.05311, 65.34505, 9.258744, 19.86876, -14.06328, 1.696046, -11.00484, 11.21615, 7.034421, 15.80938, 2.630262, 2.986154, 2.018573, 97.7868, 98.78774, 96.46333, 92.97114]]"
Cc1nnc(C2Cc3ccccc3CN2C(=O)CCl)o1,NAU-LAT-64f4b287-5,76388321,53.491288911189535,4.2717169373401065,[53.491288911189535],[72.16816],[-19.9410551],[1.64612117340583],[0.7946430179780557],"[[0.396, 0.02, 0.099, 0.02, 99.0, 49.5, 24.8, 12.4, 99.0, 7.43, 49.5, 2.48, 24.8, 1.55, 12.4, 0.773, 7.43, 0.396, 2.48, 0.02, 1.55, 0.099, 0.773, 0.02]]","[[7.134516, 8.591448, -39.74309, -15.86498, 70.79464, 40.53273, 29.60018, 5.366179, 73.54168, 15.87611, 52.63304, 8.513597, 23.71684, -18.99016, -4.60991, -1.351276, -0.8508036, 5.722071, -15.79825, -11.62765, 10.76016, -0.1390202, -10.68231, 3.553356]]"
Cc1ccncc1NC(=O)Cc1cncc(Cl)c1,TRY-UNI-2eddb1ff-2,76346570,46.43604809927916,4.333144747626523,[46.436048099279155],[72.674195],[-14.93633],[1.143762436342227],[0.7725099068762877],"[[99.0, 7.43, 49.5, 2.48, 24.8, 1.55, 12.4, 0.773, 7.43, 0.396, 2.48, 0.02, 1.55, 0.099, 0.773, 0.02, 0.396, 0.02, 0.099, 0.02, 99.0, 49.5, 24.8, 12.4]]","[[74.08664, -0.08341211, 35.29445, -40.15459, 39.89879, 2.708113, 30.90141, 11.61653, 14.57488, -11.85008, 10.28193, -22.01524, 0.03892565, 6.278152, 7.379191, 3.508869, 12.76205, 6.022355, -4.19841, 1.918479, 71.26175, 48.95179, 44.08052, 16.27648]]"
COc1cc(CN2CCN(C(=O)CCl)CC2)c2ccccc2c1,DAR-DIA-fb20be43-7,75708979,2.745164720681151,5.561431591054845,[2.745164720681151],[98.59867],[-10.50714675],[1.4966379641934062],[0.9492973689576466],"[[0.396, 0.02, 0.099, 0.02, 99.0, 49.5, 24.8, 12.4, 99.0, 7.43, 49.5, 2.48, 24.8, 1.55, 12.4, 0.773, 7.43, 0.396, 2.48, 0.02, 1.55, 0.099, 0.773, 0.02]]","[[24.17283, -5.699828, -2.152032, 6.344881, 97.41978, 97.89802, 98.58755, 96.12968, 97.66446, 84.45198, 98.55419, 40.95535, 98.60979, 28.121, 94.96191, 14.54151, 86.0535, 18.81221, 31.35739, -12.03915, 42.45676, 5.822165, 3.052883, -30.63449]]"
Nc1cccc(C2CN(C(=O)CCl)Cc3ccccc32)c1,NIR-THE-c331be7a-1,75711131,9.22930345079076,5.0348310745854645,[9.229303450790757],[93.06567000000001],[-45.259411500000006],[1.813986204217572],[0.812501898389338],"[[99.0, 7.43, 49.5, 2.48, 24.8, 1.55, 12.4, 0.773, 7.43, 0.396, 2.48, 0.02, 1.55, 0.099, 0.773, 0.02, 0.396, 0.02, 0.099, 0.02, 99.0, 49.5, 24.8, 12.4]]","[[90.96925, 54.95746, 93.42712, 1.395763, 85.31947, -30.57888, 61.23005, 11.32736, 36.6624, -8.146583, 6.867597, 2.663627, 22.69366, -6.767503, 10.74904, 0.7284658, -12.18373, -4.787855, -83.75132, -11.76111, 88.18884, 92.70422, 87.87744, 59.28377]]"
COc1ccc(C2CC(c3ccccc3)=NN2C(=O)CCl)cc1OC,MED-COV-4280ac29-30,75710879,0.5425973814831233,6.265522306428043,[0.5425973814831233],[99.104705],[-17.48873825],[2.9369640739323857],[0.8878961115138926],"[[0.396, 0.02, 0.099, 0.02, 99.0, 49.5, 24.8, 12.4, 99.0, 7.43, 49.5, 2.48, 24.8, 1.55, 12.4, 0.773, 7.43, 0.396, 2.48, 0.02, 1.55, 0.099, 0.773, 0.02]]","[[53.93427, 6.244787, 14.30796, -3.353167, 97.95362, 96.5523, 99.46616, 98.95457, 93.59395, 99.2326, 97.07501, 96.22977, 98.29839, 93.40488, 99.13251, 76.90041, 98.97681, 0.5505199, 94.82845, -5.666463, 94.92854, -1.707168, 73.93093, -67.18011]]"
Cc1ccncc1NC(=O)CN1C(=O)COc2ccc(Cl)cc21,BAR-COM-0f94fc3d-48,76395766,59.9331319543654,4.222333026575869,[59.93313195436539],[57.9881],[-63.44880725],[0.9003860437968362],[0.27998601580203164],"[[99.0, 7.43, 49.5, 2.48, 24.8, 1.55, 12.4, 0.773, 7.43, 0.396, 2.48, 0.02, 1.55, 0.099, 0.773, 0.02, 0.396, 0.02, 0.099, 0.02, 99.0, 49.5, 24.8, 12.4]]","[[65.50075, 11.08269, 38.55308, -23.16076, 42.64583, 18.36735, 26.54173, 12.32831, 9.825947, 2.652505, 8.33565, -6.533949, 13.72963, 15.8205, 5.010287, -59.22816, 11.98354, -170.2997, -9.325474, -17.73342, 50.47545, 52.55519, 37.14063, 3.875883]]"
